{"songs": [{"title": "1 Time", "album": null, "year": "2019-08-30", "lyrics": "[Verse 1]\nOh my god tu m'as-tu vu l'heure\nI mean fucking drunk, tu m'as-tu vu l'heure (yeah)\nJ'veux juste qu'elle me call sur mon cellulaire\nDonne-moi juste une puff pour que j'r\u00eave en couleur\n\nMa t\u00eate est froide j'pense qu'elle sort du cooler\nJ'dis c'que j'pense j'm'en bats les couilles\nMon c\u0153ur est en pierre il peut prendre les coups\nJ'vis ma vie tant que mon sang il coule\n\n[Chorus]\n1 Time c'tait les pilules\nAnother time c'tait le weed\n1 Time c'est une minute\nMinute c'est toute la vie (yeah)\nGoddamn q'y'a du trafic (yeah yeah)\nGoddamn que \u00e7a talk shit (yeah yeah)\n\nJ'en ai plus qu'assez j'veux faire ma musique ou m'en aller\nJ'en ai plein mon cass (yeah)\nJ'en ai plus qu'assez j'veux faire ma musique ou m'en aller\nJ'en ai plein mon cass (yeah)\n\nJ'en ai plus qu'assez j'veux faire ma musique ou m'en aller\nJ'en ai plein mon cass (yeah)\nJ'en ai plus qu'assez j'veux faire ma musique ou m'en aller\nJ'en ai plein mon cass (yeah)\n\n[Verse 2]\nDoux rap, doux [?]\nI'll come back comme un boomerang\n[?]\n[?]\n[?]\nJ'sers les coudes pour les clouer au corps\nC'est plus fort \u00e0 m\u00eame le goulot\nJ'suis en ligne pour q'\u00e7a d'vienne mon boulot (ouhh)\n\nJ'suis dans le vibe dans le mood\nLes yeux riv\u00e9s vers la moon\nJ'attends juste un rendez-vous\nJ'attends juste you you you (ouhh)\n\nDonner le tout pour tout\nCarbonara, verre de rouge\nFerme les yeux on est o\u00f9?\nAppelle-moi doux doux doux\n\n[Chorus]\n1 Time c'tait les pilules\nAnother time c'tait le weed\n1 Time c'est une minute\nMinute c'est toute la vie (yeah)\nGoddamn q'y'a du trafic (yeah yeah)\nGoddamn que \u00e7a talk shit (yeah yeah)\n\nJ'en ai plus qu'assez j'veux faire ma musique ou m'en aller\nJ'en ai plein mon cass (yeah)\nJ'en ai plus qu'assez j'veux faire ma musique ou m'en aller\nJ'en ai plein mon cass (yeah)\n\nJ'en ai plus qu'assez j'veux faire ma musique ou m'en aller\nJ'en ai plein mon cass (yeah)\nJ'en ai plus qu'assez j'veux faire ma musique ou m'en aller\nJ'en ai plein mon cass (yeah)", "image": "https://images.genius.com/1977ac83880c4d0dfce6cd8d229e8172.500x500x1.jpg", "artist": "Vendou", "raw": {"annotation_count": 0, "api_path": "/songs/4205477", "apple_music_id": "1444175265", "apple_music_player_url": "https://genius.com/songs/4205477/apple_music_player", "description": {"plain": "?"}, "embed_content": "<div id='rg_embed_link_4205477' class='rg_embed_link' data-song-id='4205477'>Read <a href='https://genius.com/Vendou-1-time-lyrics'>\u201c1 Time\u201d by Vendou</a> on Genius</div> <script crossorigin src='//genius.com/songs/4205477/embed.js'></script>", "featured_video": false, "full_title": "1 Time by\u00a0Vendou", "header_image_thumbnail_url": "https://images.genius.com/1977ac83880c4d0dfce6cd8d229e8172.300x300x1.jpg", "header_image_url": "https://images.genius.com/1977ac83880c4d0dfce6cd8d229e8172.500x500x1.jpg", "id": 4205477, "lyrics_owner_id": 6855072, "lyrics_state": "complete", "path": "/Vendou-1-time-lyrics", "pyongs_count": null, "recording_location": null, "release_date": "2019-08-30", "song_art_image_thumbnail_url": "https://images.genius.com/1977ac83880c4d0dfce6cd8d229e8172.300x300x1.jpg", "song_art_image_url": "https://images.genius.com/1977ac83880c4d0dfce6cd8d229e8172.500x500x1.jpg", "stats": {"accepted_annotations": 0, "contributors": 1, "hot": false, "iq_earners": 1, "transcribers": 1, "unreviewed_annotations": 0, "verified_annotations": 0}, "title": "1 Time", "title_with_featured": "1 Time", "url": "https://genius.com/Vendou-1-time-lyrics", "current_user_metadata": {"permissions": ["view_apple_music_player", "create_comment", "view_song_story_gallery"], "excluded_permissions": ["follow", "award_transcription_iq", "remove_transcription_iq", "see_pageviews", "pyong", "edit_lyrics", "view_annotation_engagement_data", "publish", "unpublish", "edit_spotify_details", "hide", "unhide", "toggle_featured_video", "add_pinned_annotation_to", "add_community_annotation_to", "destroy", "mark_as_not_spam", "edit_spotify_annotations_for", "verify_lyrics", "unverify_lyrics", "edit_anything", "edit_any_media", "edit", "rename", "edit_tags", "watch_fact_track", "reindex", "view_lyrics_synchronization", "enable_media", "disable_media", "edit_lyrics_or_annotation_brackets", "see_editorial_indicators", "view_attribution_visualization", "edit_annotation_brackets", "preview_lyrics_for_export", "hide_apple_player", "unhide_apple_player", "trigger_apple_match", "mark_lyrics_evaluation_as_approved", "mark_lyrics_evaluation_as_staff_approved", "mark_lyrics_evaluation_as_unapproved", "mark_lyrics_evaluation_as_un_staff_approved", "view_transcriber_media_player", "override_apple_match", "edit_youtube_url", "edit_soundcloud_url", "edit_spotify_uuid", "edit_vevo_url", "moderate_annotations", "create_annotation", "see_short_id", "manage_chart_item", "create_tag", "propose_lyrics_edit", "moderate_lyrics_edit_proposals"], "interactions": {"pyong": false, "following": false}, "relationships": {}, "iq_by_action": {}}, "album": null, "custom_performances": [], "description_annotation": {"_type": "referent", "annotator_id": 6855072, "annotator_login": "Jackowol", "api_path": "/referents/16152187", "classification": "needs_exegesis", "fragment": "1 Time", "id": 16152187, "is_description": true, "path": "/16152187/Vendou-1-time/1-time", "range": {"content": "1 Time"}, "song_id": 4205477, "url": "https://genius.com/16152187/Vendou-1-time/1-time", "verified_annotator_ids": [], "annotatable": {"api_path": "/songs/4205477", "client_timestamps": {"updated_by_human_at": 1546623658, "lyrics_updated_at": 1546623658}, "context": "Vendou", "id": 4205477, "image_url": "https://images.genius.com/1977ac83880c4d0dfce6cd8d229e8172.500x500x1.jpg", "link_title": "1 Time by\u00a0Vendou", "title": "1 Time", "type": "Song", "url": "https://genius.com/Vendou-1-time-lyrics"}, "annotations": [{"api_path": "/annotations/16152187", "body": {"plain": ""}, "comment_count": 0, "community": true, "custom_preview": null, "has_voters": false, "id": 16152187, "pinned": false, "share_url": "https://genius.com/16152187", "source": null, "state": "needs_exegesis", "url": "https://genius.com/16152187/Vendou-1-time/1-time", "verified": false, "votes_total": 0, "current_user_metadata": {"permissions": [], "excluded_permissions": ["vote", "edit", "cosign", "uncosign", "destroy", "accept", "reject", "see_unreviewed", "clear_votes", "propose_edit_to", "pin_to_profile", "unpin_from_profile", "update_source", "edit_custom_preview", "create_comment"], "interactions": {"cosign": false, "pyong": false, "vote": null}, "iq_by_action": {}}, "authors": [{"attribution": 1.0, "pinned_role": null, "user": {"api_path": "/users/6855072", "avatar": {"tiny": {"url": "https://images.genius.com/avatars/tiny/8a156bc0a3df49b8b785c8b67d695c51", "bounding_box": {"width": 16, "height": 16}}, "thumb": {"url": "https://images.genius.com/avatars/thumb/8a156bc0a3df49b8b785c8b67d695c51", "bounding_box": {"width": 32, "height": 32}}, "small": {"url": "https://images.genius.com/avatars/small/8a156bc0a3df49b8b785c8b67d695c51", "bounding_box": {"width": 100, "height": 100}}, "medium": {"url": "https://images.genius.com/avatars/medium/8a156bc0a3df49b8b785c8b67d695c51", "bounding_box": {"width": 300, "height": 400}}}, "header_image_url": "https://images.genius.com/avatars/medium/8a156bc0a3df49b8b785c8b67d695c51", "human_readable_role_for_display": null, "id": 6855072, "iq": 131, "login": "Jackowol", "name": "Jackowol", "role_for_display": null, "url": "https://genius.com/Jackowol", "current_user_metadata": {"permissions": [], "excluded_permissions": ["follow"], "interactions": {"following": false}, "features": []}}}], "cosigned_by": [], "rejection_comment": null, "verified_by": null}]}, "featured_artists": [], "lyrics_marked_complete_by": null, "media": [{"attribution": "ph vendou", "provider": "soundcloud", "type": "audio", "url": "https://soundcloud.com/ph-vendou/1-time"}, {"provider": "youtube", "start": 0, "type": "video", "url": "http://www.youtube.com/watch?v=Ixtaa2vDbO4"}], "primary_artist": {"api_path": "/artists/1460712", "header_image_url": "https://images.genius.com/fc1be620c638a17bcfbc823bf7c5795f.1000x1000x1.jpg", "id": 1460712, "image_url": "https://images.genius.com/fc1be620c638a17bcfbc823bf7c5795f.1000x1000x1.jpg", "is_meme_verified": false, "is_verified": false, "name": "Vendou", "url": "https://genius.com/artists/Vendou"}, "producer_artists": [{"api_path": "/artists/1687198", "header_image_url": "https://assets.genius.com/images/default_avatar_300.png?1550608980", "id": 1687198, "image_url": "https://assets.genius.com/images/default_avatar_300.png?1550608980", "is_meme_verified": false, "is_verified": false, "name": "Cedric \"Saddam Huss\" Pich\u00e9", "url": "https://genius.com/artists/Cedric-saddam-huss-piche"}, {"api_path": "/artists/1247708", "header_image_url": "https://images.genius.com/db177d1b267650181c1bb8a2a9c53b13.1000x210x1.png", "id": 1247708, "image_url": "https://images.genius.com/dad01d6cce912e62ae9681317ddb49d0.756x756x1.jpg", "is_meme_verified": false, "is_verified": false, "name": "FouKi", "url": "https://genius.com/artists/Fouki"}], "song_relationships": [{"type": "samples", "songs": []}, {"type": "sampled_in", "songs": []}, {"type": "interpolates", "songs": []}, {"type": "interpolated_by", "songs": []}, {"type": "cover_of", "songs": []}, {"type": "covered_by", "songs": []}, {"type": "remix_of", "songs": []}, {"type": "remixed_by", "songs": []}, {"type": "live_version_of", "songs": []}, {"type": "performed_live_as", "songs": []}], "verified_annotations_by": [], "verified_contributors": [], "verified_lyrics_by": [], "writer_artists": [{"api_path": "/artists/1460712", "header_image_url": "https://images.genius.com/fc1be620c638a17bcfbc823bf7c5795f.1000x1000x1.jpg", "id": 1460712, "image_url": "https://images.genius.com/fc1be620c638a17bcfbc823bf7c5795f.1000x1000x1.jpg", "is_meme_verified": false, "is_verified": false, "name": "Vendou", "url": "https://genius.com/artists/Vendou"}], "lyrics": "[Verse 1]\nOh my god tu m'as-tu vu l'heure\nI mean fucking drunk, tu m'as-tu vu l'heure (yeah)\nJ'veux juste qu'elle me call sur mon cellulaire\nDonne-moi juste une puff pour que j'r\u00eave en couleur\n\nMa t\u00eate est froide j'pense qu'elle sort du cooler\nJ'dis c'que j'pense j'm'en bats les couilles\nMon c\u0153ur est en pierre il peut prendre les coups\nJ'vis ma vie tant que mon sang il coule\n\n[Chorus]\n1 Time c'tait les pilules\nAnother time c'tait le weed\n1 Time c'est une minute\nMinute c'est toute la vie (yeah)\nGoddamn q'y'a du trafic (yeah yeah)\nGoddamn que \u00e7a talk shit (yeah yeah)\n\nJ'en ai plus qu'assez j'veux faire ma musique ou m'en aller\nJ'en ai plein mon cass (yeah)\nJ'en ai plus qu'assez j'veux faire ma musique ou m'en aller\nJ'en ai plein mon cass (yeah)\n\nJ'en ai plus qu'assez j'veux faire ma musique ou m'en aller\nJ'en ai plein mon cass (yeah)\nJ'en ai plus qu'assez j'veux faire ma musique ou m'en aller\nJ'en ai plein mon cass (yeah)\n\n[Verse 2]\nDoux rap, doux [?]\nI'll come back comme un boomerang\n[?]\n[?]\n[?]\nJ'sers les coudes pour les clouer au corps\nC'est plus fort \u00e0 m\u00eame le goulot\nJ'suis en ligne pour q'\u00e7a d'vienne mon boulot (ouhh)\n\nJ'suis dans le vibe dans le mood\nLes yeux riv\u00e9s vers la moon\nJ'attends juste un rendez-vous\nJ'attends juste you you you (ouhh)\n\nDonner le tout pour tout\nCarbonara, verre de rouge\nFerme les yeux on est o\u00f9?\nAppelle-moi doux doux doux\n\n[Chorus]\n1 Time c'tait les pilules\nAnother time c'tait le weed\n1 Time c'est une minute\nMinute c'est toute la vie (yeah)\nGoddamn q'y'a du trafic (yeah yeah)\nGoddamn que \u00e7a talk shit (yeah yeah)\n\nJ'en ai plus qu'assez j'veux faire ma musique ou m'en aller\nJ'en ai plein mon cass (yeah)\nJ'en ai plus qu'assez j'veux faire ma musique ou m'en aller\nJ'en ai plein mon cass (yeah)\n\nJ'en ai plus qu'assez j'veux faire ma musique ou m'en aller\nJ'en ai plein mon cass (yeah)\nJ'en ai plus qu'assez j'veux faire ma musique ou m'en aller\nJ'en ai plein mon cass (yeah)"}}, {"title": "Debout", "album": "Exotique", "year": "2018-04-27", "lyrics": "[Fouki]\n\u00c7a sert \u00e0 rien d'taff seul si tu feel alone\nC'pas en fumant qu'tu trouveras la raison\nMon gars, atteindre son but, c'est tout c'qui compte, yeah\nY faut faire les bahayes m\u00eame sous la pression\nJ'suis devant la cam, j'dis pas all\u00f4\nJe l'appelle mon ange m\u00eame si j'suis un diablo\nSample de guitare ou de piano\nWhatever mon gars, y'a pas de lumi\u00e8re rouge\nRide, ride, ride avec les patn\u00e8s\nFuck les pratiques, j'suis pr\u00e9par\u00e9\nNah, nah, nah, j'fais pu d'rabais\nAll my clique sur ton pav\u00e9\nC'pas for free, c'est du s\u00e9rieux [?]\nJamais jamais off beat\nToute La Fourmili\u00e8re on fleek\nTu vas rester fig\u00e9, tu respectes l'effigie\nJ'ai rempli des dossiers, m\u00eame si j'tais jamais assis\n\n[Refrain - Fouki]\nDebout, debout, debout, debout, debout\nStand-up\nDebout, debout, debout, debout, debout\nYeah, stand-up\nDebout, debout, debout, debout, debout\nDebout, debout, debout, debout, debout\nDebout, debout, debout, debout, debout\nDebout, debout, debout, debout, debout\n\n[Vendou]\nOn est rest\u00e9s debout all night long\n[?] dans mon pantalon\nPremi\u00e8re heure, j'prends mon [?] j'pars alone\nCall me sur mon cellphone\nCall me, call me doux, doux, doux\nM'en va l'faire genre do, do, do\nStand up, debout, wooh wooh wooh\n[?]\nFuck une fille facile, \u00e7a m'semble do r\u00e9 mi fa sol\nTu sais c'qui m'fascine? C'est ton corps sous le soleil\nPas parce que j'suis famous que j'suis Nekfeu\nTout ce qui est Fameux, c'est le resto\nBolognaise dans mes pastas\nMets le mousseux dans mon espresso\nEst\u00e9 bien et [?]\nChange le weed en pesto\nPreachin' comme un pasteur\nLa douceur couleur pastel\n\n[Pont - Vendou]\nCall me, call me, doux, doux, doux\nM'en va l'faire genre do, do, do\n[?]\nDebout\n\n[Refrain - Fouki]\nDebout, debout, debout, debout, debout\nDebout, debout, debout, debout, debout\nDebout, debout, debout, debout, debout\nDebout, debout, debout, debout, debout", "image": "https://images.genius.com/ba15a1faeb55143bed38ac95ab21b4ef.960x960x1.jpg", "artist": "Vendou", "raw": {"annotation_count": 0, "api_path": "/songs/3684939", "apple_music_id": "1442365590", "apple_music_player_url": "https://genius.com/songs/3684939/apple_music_player", "description": {"plain": "?"}, "embed_content": "<div id='rg_embed_link_3684939' class='rg_embed_link' data-song-id='3684939'>Read <a href='https://genius.com/Vendou-debout-lyrics'>\u201cDebout\u201d by Vendou</a> on Genius</div> <script crossorigin src='//genius.com/songs/3684939/embed.js'></script>", "featured_video": false, "full_title": "Debout by\u00a0Vendou (Ft.\u00a0FouKi)", "header_image_thumbnail_url": "https://images.genius.com/ba15a1faeb55143bed38ac95ab21b4ef.300x300x1.jpg", "header_image_url": "https://images.genius.com/ba15a1faeb55143bed38ac95ab21b4ef.960x960x1.jpg", "id": 3684939, "lyrics_owner_id": 1201983, "lyrics_state": "complete", "path": "/Vendou-debout-lyrics", "pyongs_count": null, "recording_location": null, "release_date": "2018-04-27", "song_art_image_thumbnail_url": "https://images.genius.com/ba15a1faeb55143bed38ac95ab21b4ef.300x300x1.jpg", "song_art_image_url": "https://images.genius.com/ba15a1faeb55143bed38ac95ab21b4ef.960x960x1.jpg", "stats": {"accepted_annotations": 0, "contributors": 1, "hot": false, "iq_earners": 1, "transcribers": 1, "unreviewed_annotations": 0, "verified_annotations": 0}, "title": "Debout", "title_with_featured": "Debout (Ft.\u00a0FouKi)", "url": "https://genius.com/Vendou-debout-lyrics", "current_user_metadata": {"permissions": ["view_apple_music_player", "create_comment", "view_song_story_gallery"], "excluded_permissions": ["follow", "award_transcription_iq", "remove_transcription_iq", "see_pageviews", "pyong", "edit_lyrics", "view_annotation_engagement_data", "publish", "unpublish", "edit_spotify_details", "hide", "unhide", "toggle_featured_video", "add_pinned_annotation_to", "add_community_annotation_to", "destroy", "mark_as_not_spam", "edit_spotify_annotations_for", "verify_lyrics", "unverify_lyrics", "edit_anything", "edit_any_media", "edit", "rename", "edit_tags", "watch_fact_track", "reindex", "view_lyrics_synchronization", "enable_media", "disable_media", "edit_lyrics_or_annotation_brackets", "see_editorial_indicators", "view_attribution_visualization", "edit_annotation_brackets", "preview_lyrics_for_export", "hide_apple_player", "unhide_apple_player", "trigger_apple_match", "mark_lyrics_evaluation_as_approved", "mark_lyrics_evaluation_as_staff_approved", "mark_lyrics_evaluation_as_unapproved", "mark_lyrics_evaluation_as_un_staff_approved", "view_transcriber_media_player", "override_apple_match", "edit_youtube_url", "edit_soundcloud_url", "edit_spotify_uuid", "edit_vevo_url", "moderate_annotations", "create_annotation", "see_short_id", "manage_chart_item", "create_tag", "propose_lyrics_edit", "moderate_lyrics_edit_proposals"], "interactions": {"pyong": false, "following": false}, "relationships": {}, "iq_by_action": {}}, "album": {"api_path": "/albums/475703", "cover_art_url": "https://images.genius.com/99b9f8efcb626b57d0a3a38e5daa4856.700x700x1.jpg", "full_title": "Exotique by Vendou", "id": 475703, "name": "Exotique", "url": "https://genius.com/albums/Vendou/Exotique", "artist": {"api_path": "/artists/1460712", "header_image_url": "https://images.genius.com/fc1be620c638a17bcfbc823bf7c5795f.1000x1000x1.jpg", "id": 1460712, "image_url": "https://images.genius.com/fc1be620c638a17bcfbc823bf7c5795f.1000x1000x1.jpg", "is_meme_verified": false, "is_verified": false, "name": "Vendou", "url": "https://genius.com/artists/Vendou"}}, "custom_performances": [], "description_annotation": {"_type": "referent", "annotator_id": 1201983, "annotator_login": "lvpvs", "api_path": "/referents/14444970", "classification": "needs_exegesis", "fragment": "Debout", "id": 14444970, "is_description": true, "path": "/14444970/Vendou-debout/Debout", "range": {"content": "Debout"}, "song_id": 3684939, "url": "https://genius.com/14444970/Vendou-debout/Debout", "verified_annotator_ids": [], "annotatable": {"api_path": "/songs/3684939", "client_timestamps": {"updated_by_human_at": 1541196243, "lyrics_updated_at": 1525093528}, "context": "Vendou", "id": 3684939, "image_url": "https://images.genius.com/ba15a1faeb55143bed38ac95ab21b4ef.960x960x1.jpg", "link_title": "Debout by\u00a0Vendou (Ft.\u00a0FouKi)", "title": "Debout", "type": "Song", "url": "https://genius.com/Vendou-debout-lyrics"}, "annotations": [{"api_path": "/annotations/14444970", "body": {"plain": ""}, "comment_count": 0, "community": true, "custom_preview": null, "has_voters": false, "id": 14444970, "pinned": false, "share_url": "https://genius.com/14444970", "source": null, "state": "needs_exegesis", "url": "https://genius.com/14444970/Vendou-debout/Debout", "verified": false, "votes_total": 0, "current_user_metadata": {"permissions": [], "excluded_permissions": ["vote", "edit", "cosign", "uncosign", "destroy", "accept", "reject", "see_unreviewed", "clear_votes", "propose_edit_to", "pin_to_profile", "unpin_from_profile", "update_source", "edit_custom_preview", "create_comment"], "interactions": {"cosign": false, "pyong": false, "vote": null}, "iq_by_action": {}}, "authors": [{"attribution": 1.0, "pinned_role": null, "user": {"api_path": "/users/1201983", "avatar": {"tiny": {"url": "https://s3.amazonaws.com/filepicker-images-rapgenius/6xu65ktr59n", "bounding_box": {"width": 16, "height": 16}}, "thumb": {"url": "https://s3.amazonaws.com/filepicker-images-rapgenius/6xu65ktr59n", "bounding_box": {"width": 32, "height": 32}}, "small": {"url": "https://s3.amazonaws.com/filepicker-images-rapgenius/6xu65ktr59n", "bounding_box": {"width": 100, "height": 100}}, "medium": {"url": "https://s3.amazonaws.com/filepicker-images-rapgenius/6xu65ktr59n", "bounding_box": {"width": 300, "height": 400}}}, "header_image_url": "https://s3.amazonaws.com/filepicker-images-rapgenius/q9nwh13ry9", "human_readable_role_for_display": "Contributor", "id": 1201983, "iq": 205033, "login": "lvpvs", "name": "lvpvs", "role_for_display": "contributor", "url": "https://genius.com/lvpvs", "current_user_metadata": {"permissions": [], "excluded_permissions": ["follow"], "interactions": {"following": false}, "features": []}}}], "cosigned_by": [], "rejection_comment": null, "verified_by": null}]}, "featured_artists": [{"api_path": "/artists/1247708", "header_image_url": "https://images.genius.com/db177d1b267650181c1bb8a2a9c53b13.1000x210x1.png", "id": 1247708, "image_url": "https://images.genius.com/dad01d6cce912e62ae9681317ddb49d0.756x756x1.jpg", "is_meme_verified": false, "is_verified": false, "name": "FouKi", "url": "https://genius.com/artists/Fouki"}], "lyrics_marked_complete_by": null, "media": [{"attribution": "ph vendou", "provider": "soundcloud", "type": "audio", "url": "https://soundcloud.com/ph-vendou/debout-ft-fouki"}], "primary_artist": {"api_path": "/artists/1460712", "header_image_url": "https://images.genius.com/fc1be620c638a17bcfbc823bf7c5795f.1000x1000x1.jpg", "id": 1460712, "image_url": "https://images.genius.com/fc1be620c638a17bcfbc823bf7c5795f.1000x1000x1.jpg", "is_meme_verified": false, "is_verified": false, "name": "Vendou", "url": "https://genius.com/artists/Vendou"}, "producer_artists": [{"api_path": "/artists/1247708", "header_image_url": "https://images.genius.com/db177d1b267650181c1bb8a2a9c53b13.1000x210x1.png", "id": 1247708, "image_url": "https://images.genius.com/dad01d6cce912e62ae9681317ddb49d0.756x756x1.jpg", "is_meme_verified": false, "is_verified": false, "name": "FouKi", "url": "https://genius.com/artists/Fouki"}], "song_relationships": [{"type": "samples", "songs": []}, {"type": "sampled_in", "songs": []}, {"type": "interpolates", "songs": []}, {"type": "interpolated_by", "songs": []}, {"type": "cover_of", "songs": []}, {"type": "covered_by", "songs": []}, {"type": "remix_of", "songs": []}, {"type": "remixed_by", "songs": []}, {"type": "live_version_of", "songs": []}, {"type": "performed_live_as", "songs": []}], "verified_annotations_by": [], "verified_contributors": [], "verified_lyrics_by": [], "writer_artists": [{"api_path": "/artists/1247708", "header_image_url": "https://images.genius.com/db177d1b267650181c1bb8a2a9c53b13.1000x210x1.png", "id": 1247708, "image_url": "https://images.genius.com/dad01d6cce912e62ae9681317ddb49d0.756x756x1.jpg", "is_meme_verified": false, "is_verified": false, "name": "FouKi", "url": "https://genius.com/artists/Fouki"}, {"api_path": "/artists/1460712", "header_image_url": "https://images.genius.com/fc1be620c638a17bcfbc823bf7c5795f.1000x1000x1.jpg", "id": 1460712, "image_url": "https://images.genius.com/fc1be620c638a17bcfbc823bf7c5795f.1000x1000x1.jpg", "is_meme_verified": false, "is_verified": false, "name": "Vendou", "url": "https://genius.com/artists/Vendou"}], "lyrics": "[Fouki]\n\u00c7a sert \u00e0 rien d'taff seul si tu feel alone\nC'pas en fumant qu'tu trouveras la raison\nMon gars, atteindre son but, c'est tout c'qui compte, yeah\nY faut faire les bahayes m\u00eame sous la pression\nJ'suis devant la cam, j'dis pas all\u00f4\nJe l'appelle mon ange m\u00eame si j'suis un diablo\nSample de guitare ou de piano\nWhatever mon gars, y'a pas de lumi\u00e8re rouge\nRide, ride, ride avec les patn\u00e8s\nFuck les pratiques, j'suis pr\u00e9par\u00e9\nNah, nah, nah, j'fais pu d'rabais\nAll my clique sur ton pav\u00e9\nC'pas for free, c'est du s\u00e9rieux [?]\nJamais jamais off beat\nToute La Fourmili\u00e8re on fleek\nTu vas rester fig\u00e9, tu respectes l'effigie\nJ'ai rempli des dossiers, m\u00eame si j'tais jamais assis\n\n[Refrain - Fouki]\nDebout, debout, debout, debout, debout\nStand-up\nDebout, debout, debout, debout, debout\nYeah, stand-up\nDebout, debout, debout, debout, debout\nDebout, debout, debout, debout, debout\nDebout, debout, debout, debout, debout\nDebout, debout, debout, debout, debout\n\n[Vendou]\nOn est rest\u00e9s debout all night long\n[?] dans mon pantalon\nPremi\u00e8re heure, j'prends mon [?] j'pars alone\nCall me sur mon cellphone\nCall me, call me doux, doux, doux\nM'en va l'faire genre do, do, do\nStand up, debout, wooh wooh wooh\n[?]\nFuck une fille facile, \u00e7a m'semble do r\u00e9 mi fa sol\nTu sais c'qui m'fascine? C'est ton corps sous le soleil\nPas parce que j'suis famous que j'suis Nekfeu\nTout ce qui est Fameux, c'est le resto\nBolognaise dans mes pastas\nMets le mousseux dans mon espresso\nEst\u00e9 bien et [?]\nChange le weed en pesto\nPreachin' comme un pasteur\nLa douceur couleur pastel\n\n[Pont - Vendou]\nCall me, call me, doux, doux, doux\nM'en va l'faire genre do, do, do\n[?]\nDebout\n\n[Refrain - Fouki]\nDebout, debout, debout, debout, debout\nDebout, debout, debout, debout, debout\nDebout, debout, debout, debout, debout\nDebout, debout, debout, debout, debout"}}, {"title": "Doux", "album": "Doux or Die", "year": "2018-03-05", "lyrics": "[Verse 1]\nC'est pour l'amour, la haine\nTout \u00e7a, \u00e7a vaut la peine\nOn s'chicane, on fait l'amour apr\u00e8s\n\u00c7a s'appelle rigolade\n[?] j'veux qu'on savoure la paix\nJ'te conna\u00eetrai par c\u0153ur pour que mon cerveau l'apprenne\nJe la contemplerai dans l'inconditionnel\nMais qu'est-ce que j'y connais?\nC'est moi que j'vois dans ses yeux\nJ'le ferais pourtant pour elle, pour vrai \u00e0 deux c'est mieux\nApparemment, son corps est un empire\nMon c\u0153ur est sous l'emprise\nSon temp\u00e9rament\nJ'veux qu'elle s'en prenne \u00e0 moi avant que l'effet meurt\nY'a rien d'permanent, j'en comprends l'\u00e9ph\u00e9m\u00e8re\n\n[Pont]\nApporte-moi \u00e0 ton appartement\nJuste le temps d'une nuit, on va s'appartenir\nJuste le temps d'une vie, j'serais ton partenaire\n\n[Refrain]\nJe vais l'aimer malgr\u00e9 moi\nD\u00e9sol\u00e9 mi amigo\nO\u00f9 tu t'en vas, am\u00e8ne-moi\nPourrais pas te dire adio\nJ'veux juste te prendre dans mes bras\nTon visage est radieux\nUne derni\u00e8re fois dans les draps\nApr\u00e8s j'y dirai adieu\nJe vais l'aimer malgr\u00e9 moi\nD\u00e9sol\u00e9 mi amigo\nO\u00f9 tu t'en vas, am\u00e8ne-moi\nPourrais pas te dire adio\nJ'veux juste te prendre dans mes bras\nTon visage est radieux\nUne derni\u00e8re fois dans les draps\nApr\u00e8s j'y dirai adieu\n\n[Verse 2]\nJ'suis juste un homme [?] que j'aime\nUn sourire timide, une parcelle de g\u00eane\nDes pommettes en or au-dessus d'ses l\u00e8vres en c\u0153ur\nJ'peux pas y croire, faut qu'j'y go\u00fbte encore\nSeul dans ma chambre comme une p\u00e9dale je pleure\nC'est un \u00e9clair de femme\nC'est un p\u00e9tale de fleur\nJ'ai les pieds dans le sable de son corps d\u00e9sert\nMon amour, son c\u0153ur en est la cath\u00e9drale\nOn est pu ensemble, mais on s'veut encore\nOn s'envoie en l'air dans un quatre \u00e9toiles\n\n[Pont]\nApporte-moi \u00e0 ton appartement\nJuste le temps d'une nuit, on va s'appartenir\nJuste le temps d'une vie, j'serais ton partenaire\n\n[Refrain]\nJe vais l'aimer malgr\u00e9 moi\nD\u00e9sol\u00e9 mi amigo\nO\u00f9 tu t'en vas, am\u00e8ne-moi\nPourrais pas te dire adio\nJ'veux juste te prendre dans mes bras\nTon visage est radieux\nUne derni\u00e8re fois dans les draps\nApr\u00e8s j'y dirai adieu\nJe vais l'aimer malgr\u00e9 moi\nD\u00e9sol\u00e9 mi amigo\nO\u00f9 tu t'en vas, am\u00e8ne-moi\nPourrais pas te dire adio\nJ'veux juste te prendre dans mes bras\nTon visage est radieux\nUne derni\u00e8re fois dans les draps\nApr\u00e8s j'y dirai adieu\n\n[Pont]\nD\u00e9sol\u00e9 amigo\nJe vais l'aimer malgr\u00e9 moi\nD\u00e9sol\u00e9 amigo, d\u00e9sol\u00e9 malgr\u00e9 moi\nD\u00e9sol\u00e9, d\u00e9sol\u00e9, d\u00e9sol\u00e9 now\nD\u00e9sol\u00e9, d\u00e9sol\u00e9, d\u00e9sol\u00e9 ah\nJe vais l'aimer malgr\u00e9, je vais l'aimer malgr\u00e9\nJe vais l'aimer malgr\u00e9 moi\nD\u00e9sol\u00e9 amigo\nJe vais l'aimer malgr\u00e9 moi\nD\u00e9sol\u00e9 amigo, d\u00e9sol\u00e9 malgr\u00e9 moi\nD\u00e9sol\u00e9, d\u00e9sol\u00e9, d\u00e9sol\u00e9 now\nD\u00e9sol\u00e9, d\u00e9sol\u00e9, d\u00e9sol\u00e9 wow\nJe vais l'aimer malgr\u00e9, je vais l'aimer malgr\u00e9\nJe vais l'aimer malgr\u00e9 moi\n\n[Outro]\nJe marche \u00e0 toi, je titube \u00e0 toi, je meurs de toi\nLentement je m'affale de tout mon long dans l'\u00e2me\nJe marche \u00e0 toi, je titube \u00e0 toi, je bois\n\u00c0 la gourde vide du sens de la vie", "image": "https://images.genius.com/e39ed81b72e3c296932fa581b0cfbe2b.500x500x1.jpg", "artist": "Vendou", "raw": {"annotation_count": 1, "api_path": "/songs/3686764", "apple_music_id": "1442358460", "apple_music_player_url": "https://genius.com/songs/3686764/apple_music_player", "description": {"plain": "?"}, "embed_content": "<div id='rg_embed_link_3686764' class='rg_embed_link' data-song-id='3686764'>Read <a href='https://genius.com/Vendou-doux-lyrics'>\u201cDoux\u201d by Vendou</a> on Genius</div> <script crossorigin src='//genius.com/songs/3686764/embed.js'></script>", "featured_video": false, "full_title": "Doux by\u00a0Vendou", "header_image_thumbnail_url": "https://images.genius.com/e39ed81b72e3c296932fa581b0cfbe2b.300x300x1.jpg", "header_image_url": "https://images.genius.com/e39ed81b72e3c296932fa581b0cfbe2b.500x500x1.jpg", "id": 3686764, "lyrics_owner_id": 1201983, "lyrics_state": "complete", "path": "/Vendou-doux-lyrics", "pyongs_count": null, "recording_location": null, "release_date": "2018-03-05", "song_art_image_thumbnail_url": "https://images.genius.com/e39ed81b72e3c296932fa581b0cfbe2b.300x300x1.jpg", "song_art_image_url": "https://images.genius.com/e39ed81b72e3c296932fa581b0cfbe2b.500x500x1.jpg", "stats": {"accepted_annotations": 0, "contributors": 1, "hot": false, "iq_earners": 1, "transcribers": 1, "unreviewed_annotations": 1, "verified_annotations": 0}, "title": "Doux", "title_with_featured": "Doux", "url": "https://genius.com/Vendou-doux-lyrics", "current_user_metadata": {"permissions": ["view_apple_music_player", "create_comment", "view_song_story_gallery"], "excluded_permissions": ["follow", "award_transcription_iq", "remove_transcription_iq", "see_pageviews", "pyong", "edit_lyrics", "view_annotation_engagement_data", "publish", "unpublish", "edit_spotify_details", "hide", "unhide", "toggle_featured_video", "add_pinned_annotation_to", "add_community_annotation_to", "destroy", "mark_as_not_spam", "edit_spotify_annotations_for", "verify_lyrics", "unverify_lyrics", "edit_anything", "edit_any_media", "edit", "rename", "edit_tags", "watch_fact_track", "reindex", "view_lyrics_synchronization", "enable_media", "disable_media", "edit_lyrics_or_annotation_brackets", "see_editorial_indicators", "view_attribution_visualization", "edit_annotation_brackets", "preview_lyrics_for_export", "hide_apple_player", "unhide_apple_player", "trigger_apple_match", "mark_lyrics_evaluation_as_approved", "mark_lyrics_evaluation_as_staff_approved", "mark_lyrics_evaluation_as_unapproved", "mark_lyrics_evaluation_as_un_staff_approved", "view_transcriber_media_player", "override_apple_match", "edit_youtube_url", "edit_soundcloud_url", "edit_spotify_uuid", "edit_vevo_url", "moderate_annotations", "create_annotation", "see_short_id", "manage_chart_item", "create_tag", "propose_lyrics_edit", "moderate_lyrics_edit_proposals"], "interactions": {"pyong": false, "following": false}, "relationships": {}, "iq_by_action": {}}, "album": {"api_path": "/albums/424801", "cover_art_url": "https://images.genius.com/e39ed81b72e3c296932fa581b0cfbe2b.500x500x1.jpg", "full_title": "Doux or Die by Vendou", "id": 424801, "name": "Doux or Die", "url": "https://genius.com/albums/Vendou/Doux-or-die", "artist": {"api_path": "/artists/1460712", "header_image_url": "https://images.genius.com/fc1be620c638a17bcfbc823bf7c5795f.1000x1000x1.jpg", "id": 1460712, "image_url": "https://images.genius.com/fc1be620c638a17bcfbc823bf7c5795f.1000x1000x1.jpg", "is_meme_verified": false, "is_verified": false, "name": "Vendou", "url": "https://genius.com/artists/Vendou"}}, "custom_performances": [], "description_annotation": {"_type": "referent", "annotator_id": 1201983, "annotator_login": "lvpvs", "api_path": "/referents/14451017", "classification": "needs_exegesis", "fragment": "Doux", "id": 14451017, "is_description": true, "path": "/14451017/Vendou-doux/Doux", "range": {"content": "Doux"}, "song_id": 3686764, "url": "https://genius.com/14451017/Vendou-doux/Doux", "verified_annotator_ids": [], "annotatable": {"api_path": "/songs/3686764", "client_timestamps": {"updated_by_human_at": 1525754393, "lyrics_updated_at": 1525754393}, "context": "Vendou", "id": 3686764, "image_url": "https://images.genius.com/e39ed81b72e3c296932fa581b0cfbe2b.500x500x1.jpg", "link_title": "Doux by\u00a0Vendou", "title": "Doux", "type": "Song", "url": "https://genius.com/Vendou-doux-lyrics"}, "annotations": [{"api_path": "/annotations/14451017", "body": {"plain": ""}, "comment_count": 0, "community": true, "custom_preview": null, "has_voters": false, "id": 14451017, "pinned": false, "share_url": "https://genius.com/14451017", "source": null, "state": "needs_exegesis", "url": "https://genius.com/14451017/Vendou-doux/Doux", "verified": false, "votes_total": 0, "current_user_metadata": {"permissions": [], "excluded_permissions": ["vote", "edit", "cosign", "uncosign", "destroy", "accept", "reject", "see_unreviewed", "clear_votes", "propose_edit_to", "pin_to_profile", "unpin_from_profile", "update_source", "edit_custom_preview", "create_comment"], "interactions": {"cosign": false, "pyong": false, "vote": null}, "iq_by_action": {}}, "authors": [{"attribution": 1.0, "pinned_role": null, "user": {"api_path": "/users/1201983", "avatar": {"tiny": {"url": "https://s3.amazonaws.com/filepicker-images-rapgenius/6xu65ktr59n", "bounding_box": {"width": 16, "height": 16}}, "thumb": {"url": "https://s3.amazonaws.com/filepicker-images-rapgenius/6xu65ktr59n", "bounding_box": {"width": 32, "height": 32}}, "small": {"url": "https://s3.amazonaws.com/filepicker-images-rapgenius/6xu65ktr59n", "bounding_box": {"width": 100, "height": 100}}, "medium": {"url": "https://s3.amazonaws.com/filepicker-images-rapgenius/6xu65ktr59n", "bounding_box": {"width": 300, "height": 400}}}, "header_image_url": "https://s3.amazonaws.com/filepicker-images-rapgenius/q9nwh13ry9", "human_readable_role_for_display": "Contributor", "id": 1201983, "iq": 205033, "login": "lvpvs", "name": "lvpvs", "role_for_display": "contributor", "url": "https://genius.com/lvpvs", "current_user_metadata": {"permissions": [], "excluded_permissions": ["follow"], "interactions": {"following": false}, "features": []}}}], "cosigned_by": [], "rejection_comment": null, "verified_by": null}]}, "featured_artists": [], "lyrics_marked_complete_by": null, "media": [], "primary_artist": {"api_path": "/artists/1460712", "header_image_url": "https://images.genius.com/fc1be620c638a17bcfbc823bf7c5795f.1000x1000x1.jpg", "id": 1460712, "image_url": "https://images.genius.com/fc1be620c638a17bcfbc823bf7c5795f.1000x1000x1.jpg", "is_meme_verified": false, "is_verified": false, "name": "Vendou", "url": "https://genius.com/artists/Vendou"}, "producer_artists": [], "song_relationships": [{"type": "samples", "songs": []}, {"type": "sampled_in", "songs": []}, {"type": "interpolates", "songs": []}, {"type": "interpolated_by", "songs": []}, {"type": "cover_of", "songs": []}, {"type": "covered_by", "songs": []}, {"type": "remix_of", "songs": []}, {"type": "remixed_by", "songs": []}, {"type": "live_version_of", "songs": []}, {"type": "performed_live_as", "songs": []}], "verified_annotations_by": [], "verified_contributors": [], "verified_lyrics_by": [], "writer_artists": [{"api_path": "/artists/1460712", "header_image_url": "https://images.genius.com/fc1be620c638a17bcfbc823bf7c5795f.1000x1000x1.jpg", "id": 1460712, "image_url": "https://images.genius.com/fc1be620c638a17bcfbc823bf7c5795f.1000x1000x1.jpg", "is_meme_verified": false, "is_verified": false, "name": "Vendou", "url": "https://genius.com/artists/Vendou"}], "lyrics": "[Verse 1]\nC'est pour l'amour, la haine\nTout \u00e7a, \u00e7a vaut la peine\nOn s'chicane, on fait l'amour apr\u00e8s\n\u00c7a s'appelle rigolade\n[?] j'veux qu'on savoure la paix\nJ'te conna\u00eetrai par c\u0153ur pour que mon cerveau l'apprenne\nJe la contemplerai dans l'inconditionnel\nMais qu'est-ce que j'y connais?\nC'est moi que j'vois dans ses yeux\nJ'le ferais pourtant pour elle, pour vrai \u00e0 deux c'est mieux\nApparemment, son corps est un empire\nMon c\u0153ur est sous l'emprise\nSon temp\u00e9rament\nJ'veux qu'elle s'en prenne \u00e0 moi avant que l'effet meurt\nY'a rien d'permanent, j'en comprends l'\u00e9ph\u00e9m\u00e8re\n\n[Pont]\nApporte-moi \u00e0 ton appartement\nJuste le temps d'une nuit, on va s'appartenir\nJuste le temps d'une vie, j'serais ton partenaire\n\n[Refrain]\nJe vais l'aimer malgr\u00e9 moi\nD\u00e9sol\u00e9 mi amigo\nO\u00f9 tu t'en vas, am\u00e8ne-moi\nPourrais pas te dire adio\nJ'veux juste te prendre dans mes bras\nTon visage est radieux\nUne derni\u00e8re fois dans les draps\nApr\u00e8s j'y dirai adieu\nJe vais l'aimer malgr\u00e9 moi\nD\u00e9sol\u00e9 mi amigo\nO\u00f9 tu t'en vas, am\u00e8ne-moi\nPourrais pas te dire adio\nJ'veux juste te prendre dans mes bras\nTon visage est radieux\nUne derni\u00e8re fois dans les draps\nApr\u00e8s j'y dirai adieu\n\n[Verse 2]\nJ'suis juste un homme [?] que j'aime\nUn sourire timide, une parcelle de g\u00eane\nDes pommettes en or au-dessus d'ses l\u00e8vres en c\u0153ur\nJ'peux pas y croire, faut qu'j'y go\u00fbte encore\nSeul dans ma chambre comme une p\u00e9dale je pleure\nC'est un \u00e9clair de femme\nC'est un p\u00e9tale de fleur\nJ'ai les pieds dans le sable de son corps d\u00e9sert\nMon amour, son c\u0153ur en est la cath\u00e9drale\nOn est pu ensemble, mais on s'veut encore\nOn s'envoie en l'air dans un quatre \u00e9toiles\n\n[Pont]\nApporte-moi \u00e0 ton appartement\nJuste le temps d'une nuit, on va s'appartenir\nJuste le temps d'une vie, j'serais ton partenaire\n\n[Refrain]\nJe vais l'aimer malgr\u00e9 moi\nD\u00e9sol\u00e9 mi amigo\nO\u00f9 tu t'en vas, am\u00e8ne-moi\nPourrais pas te dire adio\nJ'veux juste te prendre dans mes bras\nTon visage est radieux\nUne derni\u00e8re fois dans les draps\nApr\u00e8s j'y dirai adieu\nJe vais l'aimer malgr\u00e9 moi\nD\u00e9sol\u00e9 mi amigo\nO\u00f9 tu t'en vas, am\u00e8ne-moi\nPourrais pas te dire adio\nJ'veux juste te prendre dans mes bras\nTon visage est radieux\nUne derni\u00e8re fois dans les draps\nApr\u00e8s j'y dirai adieu\n\n[Pont]\nD\u00e9sol\u00e9 amigo\nJe vais l'aimer malgr\u00e9 moi\nD\u00e9sol\u00e9 amigo, d\u00e9sol\u00e9 malgr\u00e9 moi\nD\u00e9sol\u00e9, d\u00e9sol\u00e9, d\u00e9sol\u00e9 now\nD\u00e9sol\u00e9, d\u00e9sol\u00e9, d\u00e9sol\u00e9 ah\nJe vais l'aimer malgr\u00e9, je vais l'aimer malgr\u00e9\nJe vais l'aimer malgr\u00e9 moi\nD\u00e9sol\u00e9 amigo\nJe vais l'aimer malgr\u00e9 moi\nD\u00e9sol\u00e9 amigo, d\u00e9sol\u00e9 malgr\u00e9 moi\nD\u00e9sol\u00e9, d\u00e9sol\u00e9, d\u00e9sol\u00e9 now\nD\u00e9sol\u00e9, d\u00e9sol\u00e9, d\u00e9sol\u00e9 wow\nJe vais l'aimer malgr\u00e9, je vais l'aimer malgr\u00e9\nJe vais l'aimer malgr\u00e9 moi\n\n[Outro]\nJe marche \u00e0 toi, je titube \u00e0 toi, je meurs de toi\nLentement je m'affale de tout mon long dans l'\u00e2me\nJe marche \u00e0 toi, je titube \u00e0 toi, je bois\n\u00c0 la gourde vide du sens de la vie"}}, {"title": "DSY", "album": "Doux or Die", "year": "2018-03-05", "lyrics": "En transcription", "image": "https://images.genius.com/e39ed81b72e3c296932fa581b0cfbe2b.500x500x1.jpg", "artist": "Vendou", "raw": {"annotation_count": 0, "api_path": "/songs/3686772", "apple_music_id": "1442358971", "apple_music_player_url": "https://genius.com/songs/3686772/apple_music_player", "description": {"plain": "?"}, "embed_content": "<div id='rg_embed_link_3686772' class='rg_embed_link' data-song-id='3686772'>Read <a href='https://genius.com/Vendou-dsy-lyrics'>\u201cDSY\u201d by Vendou</a> on Genius</div> <script crossorigin src='//genius.com/songs/3686772/embed.js'></script>", "featured_video": false, "full_title": "DSY by\u00a0Vendou", "header_image_thumbnail_url": "https://images.genius.com/e39ed81b72e3c296932fa581b0cfbe2b.300x300x1.jpg", "header_image_url": "https://images.genius.com/e39ed81b72e3c296932fa581b0cfbe2b.500x500x1.jpg", "id": 3686772, "lyrics_owner_id": 1201983, "lyrics_state": "complete", "path": "/Vendou-dsy-lyrics", "pyongs_count": null, "recording_location": null, "release_date": "2018-03-05", "song_art_image_thumbnail_url": "https://images.genius.com/e39ed81b72e3c296932fa581b0cfbe2b.300x300x1.jpg", "song_art_image_url": "https://images.genius.com/e39ed81b72e3c296932fa581b0cfbe2b.500x500x1.jpg", "stats": {"accepted_annotations": 0, "contributors": 1, "hot": false, "iq_earners": 1, "transcribers": 1, "unreviewed_annotations": 0, "verified_annotations": 0}, "title": "DSY", "title_with_featured": "DSY", "url": "https://genius.com/Vendou-dsy-lyrics", "current_user_metadata": {"permissions": ["view_apple_music_player", "create_comment", "view_song_story_gallery"], "excluded_permissions": ["follow", "award_transcription_iq", "remove_transcription_iq", "see_pageviews", "pyong", "edit_lyrics", "view_annotation_engagement_data", "publish", "unpublish", "edit_spotify_details", "hide", "unhide", "toggle_featured_video", "add_pinned_annotation_to", "add_community_annotation_to", "destroy", "mark_as_not_spam", "edit_spotify_annotations_for", "verify_lyrics", "unverify_lyrics", "edit_anything", "edit_any_media", "edit", "rename", "edit_tags", "watch_fact_track", "reindex", "view_lyrics_synchronization", "enable_media", "disable_media", "edit_lyrics_or_annotation_brackets", "see_editorial_indicators", "view_attribution_visualization", "edit_annotation_brackets", "preview_lyrics_for_export", "hide_apple_player", "unhide_apple_player", "trigger_apple_match", "mark_lyrics_evaluation_as_approved", "mark_lyrics_evaluation_as_staff_approved", "mark_lyrics_evaluation_as_unapproved", "mark_lyrics_evaluation_as_un_staff_approved", "view_transcriber_media_player", "override_apple_match", "edit_youtube_url", "edit_soundcloud_url", "edit_spotify_uuid", "edit_vevo_url", "moderate_annotations", "create_annotation", "see_short_id", "manage_chart_item", "create_tag", "propose_lyrics_edit", "moderate_lyrics_edit_proposals"], "interactions": {"pyong": false, "following": false}, "relationships": {}, "iq_by_action": {}}, "album": {"api_path": "/albums/424801", "cover_art_url": "https://images.genius.com/e39ed81b72e3c296932fa581b0cfbe2b.500x500x1.jpg", "full_title": "Doux or Die by Vendou", "id": 424801, "name": "Doux or Die", "url": "https://genius.com/albums/Vendou/Doux-or-die", "artist": {"api_path": "/artists/1460712", "header_image_url": "https://images.genius.com/fc1be620c638a17bcfbc823bf7c5795f.1000x1000x1.jpg", "id": 1460712, "image_url": "https://images.genius.com/fc1be620c638a17bcfbc823bf7c5795f.1000x1000x1.jpg", "is_meme_verified": false, "is_verified": false, "name": "Vendou", "url": "https://genius.com/artists/Vendou"}}, "custom_performances": [], "description_annotation": {"_type": "referent", "annotator_id": 1201983, "annotator_login": "lvpvs", "api_path": "/referents/14451041", "classification": "needs_exegesis", "fragment": "DSY", "id": 14451041, "is_description": true, "path": "/14451041/Vendou-dsy/Dsy", "range": {"content": "DSY"}, "song_id": 3686772, "url": "https://genius.com/14451041/Vendou-dsy/Dsy", "verified_annotator_ids": [], "annotatable": {"api_path": "/songs/3686772", "client_timestamps": {"updated_by_human_at": 1525093885, "lyrics_updated_at": 1525093885}, "context": "Vendou", "id": 3686772, "image_url": "https://images.genius.com/e39ed81b72e3c296932fa581b0cfbe2b.500x500x1.jpg", "link_title": "DSY by\u00a0Vendou", "title": "DSY", "type": "Song", "url": "https://genius.com/Vendou-dsy-lyrics"}, "annotations": [{"api_path": "/annotations/14451041", "body": {"plain": ""}, "comment_count": 0, "community": true, "custom_preview": null, "has_voters": false, "id": 14451041, "pinned": false, "share_url": "https://genius.com/14451041", "source": null, "state": "needs_exegesis", "url": "https://genius.com/14451041/Vendou-dsy/Dsy", "verified": false, "votes_total": 0, "current_user_metadata": {"permissions": [], "excluded_permissions": ["vote", "edit", "cosign", "uncosign", "destroy", "accept", "reject", "see_unreviewed", "clear_votes", "propose_edit_to", "pin_to_profile", "unpin_from_profile", "update_source", "edit_custom_preview", "create_comment"], "interactions": {"cosign": false, "pyong": false, "vote": null}, "iq_by_action": {}}, "authors": [{"attribution": 1.0, "pinned_role": null, "user": {"api_path": "/users/1201983", "avatar": {"tiny": {"url": "https://s3.amazonaws.com/filepicker-images-rapgenius/6xu65ktr59n", "bounding_box": {"width": 16, "height": 16}}, "thumb": {"url": "https://s3.amazonaws.com/filepicker-images-rapgenius/6xu65ktr59n", "bounding_box": {"width": 32, "height": 32}}, "small": {"url": "https://s3.amazonaws.com/filepicker-images-rapgenius/6xu65ktr59n", "bounding_box": {"width": 100, "height": 100}}, "medium": {"url": "https://s3.amazonaws.com/filepicker-images-rapgenius/6xu65ktr59n", "bounding_box": {"width": 300, "height": 400}}}, "header_image_url": "https://s3.amazonaws.com/filepicker-images-rapgenius/q9nwh13ry9", "human_readable_role_for_display": "Contributor", "id": 1201983, "iq": 205033, "login": "lvpvs", "name": "lvpvs", "role_for_display": "contributor", "url": "https://genius.com/lvpvs", "current_user_metadata": {"permissions": [], "excluded_permissions": ["follow"], "interactions": {"following": false}, "features": []}}}], "cosigned_by": [], "rejection_comment": null, "verified_by": null}]}, "featured_artists": [], "lyrics_marked_complete_by": null, "media": [], "primary_artist": {"api_path": "/artists/1460712", "header_image_url": "https://images.genius.com/fc1be620c638a17bcfbc823bf7c5795f.1000x1000x1.jpg", "id": 1460712, "image_url": "https://images.genius.com/fc1be620c638a17bcfbc823bf7c5795f.1000x1000x1.jpg", "is_meme_verified": false, "is_verified": false, "name": "Vendou", "url": "https://genius.com/artists/Vendou"}, "producer_artists": [], "song_relationships": [{"type": "samples", "songs": []}, {"type": "sampled_in", "songs": []}, {"type": "interpolates", "songs": []}, {"type": "interpolated_by", "songs": []}, {"type": "cover_of", "songs": []}, {"type": "covered_by", "songs": []}, {"type": "remix_of", "songs": []}, {"type": "remixed_by", "songs": []}, {"type": "live_version_of", "songs": []}, {"type": "performed_live_as", "songs": []}], "verified_annotations_by": [], "verified_contributors": [], "verified_lyrics_by": [], "writer_artists": [{"api_path": "/artists/1460712", "header_image_url": "https://images.genius.com/fc1be620c638a17bcfbc823bf7c5795f.1000x1000x1.jpg", "id": 1460712, "image_url": "https://images.genius.com/fc1be620c638a17bcfbc823bf7c5795f.1000x1000x1.jpg", "is_meme_verified": false, "is_verified": false, "name": "Vendou", "url": "https://genius.com/artists/Vendou"}], "lyrics": "En transcription"}}, {"title": "Indigo", "album": "Doux or Die", "year": "2018-03-05", "lyrics": "[Refrain]\nEasy come, easy go\nJ'puff de l'indica\nJ'r\u00eave en indigo\nEasy come, easy go\nJ'puff de l'indica\nJ'r\u00eave en indigo\n\n[Verse 1]\n[?] premiers rendez-vous\nC'tait direct les mains en l'air, rendez-vous\nLe jour d'apr\u00e8s, on finit braque\nGenre Philippe Brach\n[?] on s'\u00e9vade\nReality check quand tu m'dis qu'tes l\u00e8vres ont fait smack\nComment tes l\u00e8vres ont fait mal\nMais j'suis pass\u00e9 par l\u00e0 aussi\nOn parle de ci, on parle de \u00e7a\nOn parle de si on f'rait \u00e7a\nMoi j'te pardonne si on l'fait pas\nT'es mieux d'pas m'faire de sc\u00e8nes\nC'est toi qu'j'aime, pas ta paire de seins\nI'm the man, ta m\u00e8re le sent, ton p\u00e8re le sait\n\n[Refrain]\nEasy come, easy go\nJ'puff de l'indica\nJ'r\u00eave en indigo\nEasy come, easy go\nJ'puff de l'indica\nJ'r\u00eave en indigo\n\n[Verse 2]\nFuck on a deuce, j'veux les premi\u00e8res puffs\nDepuis mes premiers pas\nJ'peux pas dire qu'j'me reconnais pas\nMes yeux sont rouges, les siens sont verts\nSi on y va, qu'est-ce qu'on perd?\nQu'est-ce qu'on perd?\nCome on baby, tiens mon verre\nJ'sais pu qui, o\u00f9 je suis, qu'est-ce qu'on fait?\nJ'sais pu j'en ai bu combien\nMais j'sais qu'j'les ai bu au complet\nToutes les autres \u00e0 la derni\u00e8re goutte\nOn the Road, yeah sur la route\nOn a roul\u00e9, on a roul\u00e9, on a smok\u00e9, on est good\nFaut que \u00e7a garde nos esprits connexes\nFuck un wifi, j'veux qu'on connecte\nSi j't'ai coll\u00e9 comme j't'ai coll\u00e9\nC'tait pour te connaitre comme j'te connais\n[?] comme un connard\nMais j't'ai go\u00fbt\u00e9 comme un cognac\nAvec culot, mais c't'un cul-de-sac\nSo c'est cul sec drette au goulot\nGarde \u00e7a froid dans l'frigo\nGarde \u00e7a chaud su'l fuego\nGarde \u00e7a froid dans l'frigo\nGarde \u00e7a chaud su'l fuego\nJ'ai tellement fum\u00e9 d'bedo\nQu'j'en ai perdu les mots\nWill you let me go?\n\n[Pont]\nEasy, easy come\nAh pis easy, easy go\nOn va s'aimer, s'aimer jusqu'\u00e0 temps qu'tu let me go\nEasy, easy come\nAh pis easy, easy go\nOn va s'aimer, s'aimer jusqu'\u00e0 temps qu'tu let me go\n\n[Verse 3]\n\u00c7a br\u00fble dans mon c\u0153ur, y'a d'la brume dans mon cerveau\nMais quelle est la cause que nous servons?\nL'alcool dans un verre, c'est c'qui coule dans mon sang\nLe pr\u00e9sent [?] que nous serons\nJ'vais pas passer pour un salaud (non)\nLaver ma langue avec du savon (non)\nCorps \u00e9tendu dans le salon\n[?]\n\n[Pont]\nEasy, easy come\nAh pis easy, easy go\nOn va s'aimer, s'aimer jusqu'\u00e0 temps qu'tu let me go\nEasy, easy come\nAh pis easy, easy go\nOn va s'aimer, s'aimer jusqu'\u00e0 temps qu'tu let me go\n\n[Refrain]\nEasy come, easy go\nJ'puff de l'indica\nJ'r\u00eave en indigo\nEasy come, easy go\nJ'puff de l'indica\nJ'r\u00eave en indigo\n\n[Outro]\nEasy come, easy go\nJ'puff de l'indica\nJ'r\u00eave en indigo\nEasy come, easy go\nJ'puff de l'indica\nJ'r\u00eave en indigo", "image": "https://images.genius.com/e39ed81b72e3c296932fa581b0cfbe2b.500x500x1.jpg", "artist": "Vendou", "raw": {"annotation_count": 1, "api_path": "/songs/3686762", "apple_music_id": "1442358434", "apple_music_player_url": "https://genius.com/songs/3686762/apple_music_player", "description": {"plain": "?"}, "embed_content": "<div id='rg_embed_link_3686762' class='rg_embed_link' data-song-id='3686762'>Read <a href='https://genius.com/Vendou-indigo-lyrics'>\u201cIndigo\u201d by Vendou</a> on Genius</div> <script crossorigin src='//genius.com/songs/3686762/embed.js'></script>", "featured_video": false, "full_title": "Indigo by\u00a0Vendou", "header_image_thumbnail_url": "https://images.genius.com/e39ed81b72e3c296932fa581b0cfbe2b.300x300x1.jpg", "header_image_url": "https://images.genius.com/e39ed81b72e3c296932fa581b0cfbe2b.500x500x1.jpg", "id": 3686762, "lyrics_owner_id": 1201983, "lyrics_state": "complete", "path": "/Vendou-indigo-lyrics", "pyongs_count": null, "recording_location": null, "release_date": "2018-03-05", "song_art_image_thumbnail_url": "https://images.genius.com/e39ed81b72e3c296932fa581b0cfbe2b.300x300x1.jpg", "song_art_image_url": "https://images.genius.com/e39ed81b72e3c296932fa581b0cfbe2b.500x500x1.jpg", "stats": {"accepted_annotations": 0, "contributors": 1, "hot": false, "iq_earners": 1, "transcribers": 1, "unreviewed_annotations": 1, "verified_annotations": 0}, "title": "Indigo", "title_with_featured": "Indigo", "url": "https://genius.com/Vendou-indigo-lyrics", "current_user_metadata": {"permissions": ["view_apple_music_player", "create_comment", "view_song_story_gallery"], "excluded_permissions": ["follow", "award_transcription_iq", "remove_transcription_iq", "see_pageviews", "pyong", "edit_lyrics", "view_annotation_engagement_data", "publish", "unpublish", "edit_spotify_details", "hide", "unhide", "toggle_featured_video", "add_pinned_annotation_to", "add_community_annotation_to", "destroy", "mark_as_not_spam", "edit_spotify_annotations_for", "verify_lyrics", "unverify_lyrics", "edit_anything", "edit_any_media", "edit", "rename", "edit_tags", "watch_fact_track", "reindex", "view_lyrics_synchronization", "enable_media", "disable_media", "edit_lyrics_or_annotation_brackets", "see_editorial_indicators", "view_attribution_visualization", "edit_annotation_brackets", "preview_lyrics_for_export", "hide_apple_player", "unhide_apple_player", "trigger_apple_match", "mark_lyrics_evaluation_as_approved", "mark_lyrics_evaluation_as_staff_approved", "mark_lyrics_evaluation_as_unapproved", "mark_lyrics_evaluation_as_un_staff_approved", "view_transcriber_media_player", "override_apple_match", "edit_youtube_url", "edit_soundcloud_url", "edit_spotify_uuid", "edit_vevo_url", "moderate_annotations", "create_annotation", "see_short_id", "manage_chart_item", "create_tag", "propose_lyrics_edit", "moderate_lyrics_edit_proposals"], "interactions": {"pyong": false, "following": false}, "relationships": {}, "iq_by_action": {}}, "album": {"api_path": "/albums/424801", "cover_art_url": "https://images.genius.com/e39ed81b72e3c296932fa581b0cfbe2b.500x500x1.jpg", "full_title": "Doux or Die by Vendou", "id": 424801, "name": "Doux or Die", "url": "https://genius.com/albums/Vendou/Doux-or-die", "artist": {"api_path": "/artists/1460712", "header_image_url": "https://images.genius.com/fc1be620c638a17bcfbc823bf7c5795f.1000x1000x1.jpg", "id": 1460712, "image_url": "https://images.genius.com/fc1be620c638a17bcfbc823bf7c5795f.1000x1000x1.jpg", "is_meme_verified": false, "is_verified": false, "name": "Vendou", "url": "https://genius.com/artists/Vendou"}}, "custom_performances": [], "description_annotation": {"_type": "referent", "annotator_id": 1201983, "annotator_login": "lvpvs", "api_path": "/referents/14450997", "classification": "needs_exegesis", "fragment": "Indigo", "id": 14450997, "is_description": true, "path": "/14450997/Vendou-indigo/Indigo", "range": {"content": "Indigo"}, "song_id": 3686762, "url": "https://genius.com/14450997/Vendou-indigo/Indigo", "verified_annotator_ids": [], "annotatable": {"api_path": "/songs/3686762", "client_timestamps": {"updated_by_human_at": 1525755495, "lyrics_updated_at": 1525755495}, "context": "Vendou", "id": 3686762, "image_url": "https://images.genius.com/e39ed81b72e3c296932fa581b0cfbe2b.500x500x1.jpg", "link_title": "Indigo by\u00a0Vendou", "title": "Indigo", "type": "Song", "url": "https://genius.com/Vendou-indigo-lyrics"}, "annotations": [{"api_path": "/annotations/14450997", "body": {"plain": ""}, "comment_count": 0, "community": true, "custom_preview": null, "has_voters": false, "id": 14450997, "pinned": false, "share_url": "https://genius.com/14450997", "source": null, "state": "needs_exegesis", "url": "https://genius.com/14450997/Vendou-indigo/Indigo", "verified": false, "votes_total": 0, "current_user_metadata": {"permissions": [], "excluded_permissions": ["vote", "edit", "cosign", "uncosign", "destroy", "accept", "reject", "see_unreviewed", "clear_votes", "propose_edit_to", "pin_to_profile", "unpin_from_profile", "update_source", "edit_custom_preview", "create_comment"], "interactions": {"cosign": false, "pyong": false, "vote": null}, "iq_by_action": {}}, "authors": [{"attribution": 1.0, "pinned_role": null, "user": {"api_path": "/users/1201983", "avatar": {"tiny": {"url": "https://s3.amazonaws.com/filepicker-images-rapgenius/6xu65ktr59n", "bounding_box": {"width": 16, "height": 16}}, "thumb": {"url": "https://s3.amazonaws.com/filepicker-images-rapgenius/6xu65ktr59n", "bounding_box": {"width": 32, "height": 32}}, "small": {"url": "https://s3.amazonaws.com/filepicker-images-rapgenius/6xu65ktr59n", "bounding_box": {"width": 100, "height": 100}}, "medium": {"url": "https://s3.amazonaws.com/filepicker-images-rapgenius/6xu65ktr59n", "bounding_box": {"width": 300, "height": 400}}}, "header_image_url": "https://s3.amazonaws.com/filepicker-images-rapgenius/q9nwh13ry9", "human_readable_role_for_display": "Contributor", "id": 1201983, "iq": 205033, "login": "lvpvs", "name": "lvpvs", "role_for_display": "contributor", "url": "https://genius.com/lvpvs", "current_user_metadata": {"permissions": [], "excluded_permissions": ["follow"], "interactions": {"following": false}, "features": []}}}], "cosigned_by": [], "rejection_comment": null, "verified_by": null}]}, "featured_artists": [], "lyrics_marked_complete_by": null, "media": [], "primary_artist": {"api_path": "/artists/1460712", "header_image_url": "https://images.genius.com/fc1be620c638a17bcfbc823bf7c5795f.1000x1000x1.jpg", "id": 1460712, "image_url": "https://images.genius.com/fc1be620c638a17bcfbc823bf7c5795f.1000x1000x1.jpg", "is_meme_verified": false, "is_verified": false, "name": "Vendou", "url": "https://genius.com/artists/Vendou"}, "producer_artists": [], "song_relationships": [{"type": "samples", "songs": []}, {"type": "sampled_in", "songs": []}, {"type": "interpolates", "songs": []}, {"type": "interpolated_by", "songs": []}, {"type": "cover_of", "songs": []}, {"type": "covered_by", "songs": []}, {"type": "remix_of", "songs": []}, {"type": "remixed_by", "songs": []}, {"type": "live_version_of", "songs": []}, {"type": "performed_live_as", "songs": []}], "verified_annotations_by": [], "verified_contributors": [], "verified_lyrics_by": [], "writer_artists": [{"api_path": "/artists/1460712", "header_image_url": "https://images.genius.com/fc1be620c638a17bcfbc823bf7c5795f.1000x1000x1.jpg", "id": 1460712, "image_url": "https://images.genius.com/fc1be620c638a17bcfbc823bf7c5795f.1000x1000x1.jpg", "is_meme_verified": false, "is_verified": false, "name": "Vendou", "url": "https://genius.com/artists/Vendou"}], "lyrics": "[Refrain]\nEasy come, easy go\nJ'puff de l'indica\nJ'r\u00eave en indigo\nEasy come, easy go\nJ'puff de l'indica\nJ'r\u00eave en indigo\n\n[Verse 1]\n[?] premiers rendez-vous\nC'tait direct les mains en l'air, rendez-vous\nLe jour d'apr\u00e8s, on finit braque\nGenre Philippe Brach\n[?] on s'\u00e9vade\nReality check quand tu m'dis qu'tes l\u00e8vres ont fait smack\nComment tes l\u00e8vres ont fait mal\nMais j'suis pass\u00e9 par l\u00e0 aussi\nOn parle de ci, on parle de \u00e7a\nOn parle de si on f'rait \u00e7a\nMoi j'te pardonne si on l'fait pas\nT'es mieux d'pas m'faire de sc\u00e8nes\nC'est toi qu'j'aime, pas ta paire de seins\nI'm the man, ta m\u00e8re le sent, ton p\u00e8re le sait\n\n[Refrain]\nEasy come, easy go\nJ'puff de l'indica\nJ'r\u00eave en indigo\nEasy come, easy go\nJ'puff de l'indica\nJ'r\u00eave en indigo\n\n[Verse 2]\nFuck on a deuce, j'veux les premi\u00e8res puffs\nDepuis mes premiers pas\nJ'peux pas dire qu'j'me reconnais pas\nMes yeux sont rouges, les siens sont verts\nSi on y va, qu'est-ce qu'on perd?\nQu'est-ce qu'on perd?\nCome on baby, tiens mon verre\nJ'sais pu qui, o\u00f9 je suis, qu'est-ce qu'on fait?\nJ'sais pu j'en ai bu combien\nMais j'sais qu'j'les ai bu au complet\nToutes les autres \u00e0 la derni\u00e8re goutte\nOn the Road, yeah sur la route\nOn a roul\u00e9, on a roul\u00e9, on a smok\u00e9, on est good\nFaut que \u00e7a garde nos esprits connexes\nFuck un wifi, j'veux qu'on connecte\nSi j't'ai coll\u00e9 comme j't'ai coll\u00e9\nC'tait pour te connaitre comme j'te connais\n[?] comme un connard\nMais j't'ai go\u00fbt\u00e9 comme un cognac\nAvec culot, mais c't'un cul-de-sac\nSo c'est cul sec drette au goulot\nGarde \u00e7a froid dans l'frigo\nGarde \u00e7a chaud su'l fuego\nGarde \u00e7a froid dans l'frigo\nGarde \u00e7a chaud su'l fuego\nJ'ai tellement fum\u00e9 d'bedo\nQu'j'en ai perdu les mots\nWill you let me go?\n\n[Pont]\nEasy, easy come\nAh pis easy, easy go\nOn va s'aimer, s'aimer jusqu'\u00e0 temps qu'tu let me go\nEasy, easy come\nAh pis easy, easy go\nOn va s'aimer, s'aimer jusqu'\u00e0 temps qu'tu let me go\n\n[Verse 3]\n\u00c7a br\u00fble dans mon c\u0153ur, y'a d'la brume dans mon cerveau\nMais quelle est la cause que nous servons?\nL'alcool dans un verre, c'est c'qui coule dans mon sang\nLe pr\u00e9sent [?] que nous serons\nJ'vais pas passer pour un salaud (non)\nLaver ma langue avec du savon (non)\nCorps \u00e9tendu dans le salon\n[?]\n\n[Pont]\nEasy, easy come\nAh pis easy, easy go\nOn va s'aimer, s'aimer jusqu'\u00e0 temps qu'tu let me go\nEasy, easy come\nAh pis easy, easy go\nOn va s'aimer, s'aimer jusqu'\u00e0 temps qu'tu let me go\n\n[Refrain]\nEasy come, easy go\nJ'puff de l'indica\nJ'r\u00eave en indigo\nEasy come, easy go\nJ'puff de l'indica\nJ'r\u00eave en indigo\n\n[Outro]\nEasy come, easy go\nJ'puff de l'indica\nJ'r\u00eave en indigo\nEasy come, easy go\nJ'puff de l'indica\nJ'r\u00eave en indigo"}}, {"title": "Meson", "album": "Doux or Die", "year": "2018-03-05", "lyrics": "[Refrain]\nY faisait chaud comme dans un [?]\n[?] pis j'\u00e9tais dans ma zone\nDanser un slow avec une belle amazone\nMa blonde m'appelle, faut que j'rentre \u00e0 maison\nFaut j'rentre \u00e0 maison, faut j'rentre \u00e0 maison\nMa blonde m'appelle, faut que j'rentre \u00e0 maison\nLe devoir m'appelle, faut que j'rentre \u00e0 maison\n\n[Verse 1]\nLe devoir m'appelle, recevoir ma paye\nPayer mon rent, payer mon cell\nPayer mon herbe, payer mes dettes\nPayer pour toute c'que j'ai faite\nJ'sais pas qui j'suis, y'a quelque chose qui m'\u00e9chappe\nAu moins j'le sais, c'est une petite \u00e9tape\nJ'ai pris une d\u00e9barque\nJ'veux m'en aller\nJ'veux m'envoler, prendre mes cliques et mes claques\nFaut j'rentre \u00e0 maison, faut j'rentre \u00e0 maison\nMa blonde m'appelle, faut que j'rentre \u00e0 maison\nLe devoir m'appelle, faut que j'rentre \u00e0 maison\n[?] mais ma mom a raison\n[?] l'homme d'la maison\nFaut j'get une job, faut j'get du cob\n[?] ce mode de vie l\u00e0\nJ'aime \u00e7a, j'fais du son\n\n[Refrain]\nY faisait chaud comme dans un [?]\n[?] pis j'\u00e9tais dans ma zone\nDanser un slow avec une belle amazone\nMa blonde m'appelle, faut que j'rentre \u00e0 maison\nQuand ma blonde m'appelle, faut que j'r\u00e9ponde\n\n[Verse 2]\nFous-moi la paye, j'veux juste fumer des c\u00f4nes\n[?]\nJ'ai get the fuck out, j'ai pas fini mon quart\n[?] me donner mon beurre\n[?] vider mon coeur\n[?]\nY'a rien de dr\u00f4le dans un nine to five\n[?]\nOn construit nos r\u00eaves\nWe gon' be alright [?]\n[?] j'aurais pas su te plaire\n[?] j'aurais dont d\u00fb le faire\n[?] j'aurais dont d\u00fb me taire\nJ'en ai us\u00e9 ma voix, j'en ai perdu la t\u00eate\n\n[Refrain]\nY faisait chaud comme dans un [?]\n[?] pis j'\u00e9tais dans ma zone\nDanser un slow avec une belle amazone\nMa blonde m'appelle, faut que j'rentre \u00e0 maison\nFaut j'rentre \u00e0 maison, faut j'rentre \u00e0 maison\nMa blonde m'appelle, faut que j'rentre \u00e0 maison\nLe devoir m'appelle, faut que j'rentre \u00e0 maison\n\n[Verse 3]\n[en transcription]", "image": "https://images.genius.com/e39ed81b72e3c296932fa581b0cfbe2b.500x500x1.jpg", "artist": "Vendou", "raw": {"annotation_count": 0, "api_path": "/songs/3686770", "apple_music_id": "1442358747", "apple_music_player_url": "https://genius.com/songs/3686770/apple_music_player", "description": {"plain": "?"}, "embed_content": "<div id='rg_embed_link_3686770' class='rg_embed_link' data-song-id='3686770'>Read <a href='https://genius.com/Vendou-meson-lyrics'>\u201cMeson\u201d by Vendou</a> on Genius</div> <script crossorigin src='//genius.com/songs/3686770/embed.js'></script>", "featured_video": false, "full_title": "Meson by\u00a0Vendou", "header_image_thumbnail_url": "https://images.genius.com/e39ed81b72e3c296932fa581b0cfbe2b.300x300x1.jpg", "header_image_url": "https://images.genius.com/e39ed81b72e3c296932fa581b0cfbe2b.500x500x1.jpg", "id": 3686770, "lyrics_owner_id": 1201983, "lyrics_state": "complete", "path": "/Vendou-meson-lyrics", "pyongs_count": null, "recording_location": null, "release_date": "2018-03-05", "song_art_image_thumbnail_url": "https://images.genius.com/e39ed81b72e3c296932fa581b0cfbe2b.300x300x1.jpg", "song_art_image_url": "https://images.genius.com/e39ed81b72e3c296932fa581b0cfbe2b.500x500x1.jpg", "stats": {"accepted_annotations": 0, "contributors": 1, "hot": false, "iq_earners": 1, "transcribers": 1, "unreviewed_annotations": 0, "verified_annotations": 0}, "title": "Meson", "title_with_featured": "Meson", "url": "https://genius.com/Vendou-meson-lyrics", "current_user_metadata": {"permissions": ["view_apple_music_player", "create_comment", "view_song_story_gallery"], "excluded_permissions": ["follow", "award_transcription_iq", "remove_transcription_iq", "see_pageviews", "pyong", "edit_lyrics", "view_annotation_engagement_data", "publish", "unpublish", "edit_spotify_details", "hide", "unhide", "toggle_featured_video", "add_pinned_annotation_to", "add_community_annotation_to", "destroy", "mark_as_not_spam", "edit_spotify_annotations_for", "verify_lyrics", "unverify_lyrics", "edit_anything", "edit_any_media", "edit", "rename", "edit_tags", "watch_fact_track", "reindex", "view_lyrics_synchronization", "enable_media", "disable_media", "edit_lyrics_or_annotation_brackets", "see_editorial_indicators", "view_attribution_visualization", "edit_annotation_brackets", "preview_lyrics_for_export", "hide_apple_player", "unhide_apple_player", "trigger_apple_match", "mark_lyrics_evaluation_as_approved", "mark_lyrics_evaluation_as_staff_approved", "mark_lyrics_evaluation_as_unapproved", "mark_lyrics_evaluation_as_un_staff_approved", "view_transcriber_media_player", "override_apple_match", "edit_youtube_url", "edit_soundcloud_url", "edit_spotify_uuid", "edit_vevo_url", "moderate_annotations", "create_annotation", "see_short_id", "manage_chart_item", "create_tag", "propose_lyrics_edit", "moderate_lyrics_edit_proposals"], "interactions": {"pyong": false, "following": false}, "relationships": {}, "iq_by_action": {}}, "album": {"api_path": "/albums/424801", "cover_art_url": "https://images.genius.com/e39ed81b72e3c296932fa581b0cfbe2b.500x500x1.jpg", "full_title": "Doux or Die by Vendou", "id": 424801, "name": "Doux or Die", "url": "https://genius.com/albums/Vendou/Doux-or-die", "artist": {"api_path": "/artists/1460712", "header_image_url": "https://images.genius.com/fc1be620c638a17bcfbc823bf7c5795f.1000x1000x1.jpg", "id": 1460712, "image_url": "https://images.genius.com/fc1be620c638a17bcfbc823bf7c5795f.1000x1000x1.jpg", "is_meme_verified": false, "is_verified": false, "name": "Vendou", "url": "https://genius.com/artists/Vendou"}}, "custom_performances": [], "description_annotation": {"_type": "referent", "annotator_id": 1201983, "annotator_login": "lvpvs", "api_path": "/referents/14451032", "classification": "needs_exegesis", "fragment": "Meson", "id": 14451032, "is_description": true, "path": "/14451032/Vendou-meson/Meson", "range": {"content": "Meson"}, "song_id": 3686770, "url": "https://genius.com/14451032/Vendou-meson/Meson", "verified_annotator_ids": [], "annotatable": {"api_path": "/songs/3686770", "client_timestamps": {"updated_by_human_at": 1525761962, "lyrics_updated_at": 1525761962}, "context": "Vendou", "id": 3686770, "image_url": "https://images.genius.com/e39ed81b72e3c296932fa581b0cfbe2b.500x500x1.jpg", "link_title": "Meson by\u00a0Vendou", "title": "Meson", "type": "Song", "url": "https://genius.com/Vendou-meson-lyrics"}, "annotations": [{"api_path": "/annotations/14451032", "body": {"plain": ""}, "comment_count": 0, "community": true, "custom_preview": null, "has_voters": false, "id": 14451032, "pinned": false, "share_url": "https://genius.com/14451032", "source": null, "state": "needs_exegesis", "url": "https://genius.com/14451032/Vendou-meson/Meson", "verified": false, "votes_total": 0, "current_user_metadata": {"permissions": [], "excluded_permissions": ["vote", "edit", "cosign", "uncosign", "destroy", "accept", "reject", "see_unreviewed", "clear_votes", "propose_edit_to", "pin_to_profile", "unpin_from_profile", "update_source", "edit_custom_preview", "create_comment"], "interactions": {"cosign": false, "pyong": false, "vote": null}, "iq_by_action": {}}, "authors": [{"attribution": 1.0, "pinned_role": null, "user": {"api_path": "/users/1201983", "avatar": {"tiny": {"url": "https://s3.amazonaws.com/filepicker-images-rapgenius/6xu65ktr59n", "bounding_box": {"width": 16, "height": 16}}, "thumb": {"url": "https://s3.amazonaws.com/filepicker-images-rapgenius/6xu65ktr59n", "bounding_box": {"width": 32, "height": 32}}, "small": {"url": "https://s3.amazonaws.com/filepicker-images-rapgenius/6xu65ktr59n", "bounding_box": {"width": 100, "height": 100}}, "medium": {"url": "https://s3.amazonaws.com/filepicker-images-rapgenius/6xu65ktr59n", "bounding_box": {"width": 300, "height": 400}}}, "header_image_url": "https://s3.amazonaws.com/filepicker-images-rapgenius/q9nwh13ry9", "human_readable_role_for_display": "Contributor", "id": 1201983, "iq": 205033, "login": "lvpvs", "name": "lvpvs", "role_for_display": "contributor", "url": "https://genius.com/lvpvs", "current_user_metadata": {"permissions": [], "excluded_permissions": ["follow"], "interactions": {"following": false}, "features": []}}}], "cosigned_by": [], "rejection_comment": null, "verified_by": null}]}, "featured_artists": [], "lyrics_marked_complete_by": null, "media": [], "primary_artist": {"api_path": "/artists/1460712", "header_image_url": "https://images.genius.com/fc1be620c638a17bcfbc823bf7c5795f.1000x1000x1.jpg", "id": 1460712, "image_url": "https://images.genius.com/fc1be620c638a17bcfbc823bf7c5795f.1000x1000x1.jpg", "is_meme_verified": false, "is_verified": false, "name": "Vendou", "url": "https://genius.com/artists/Vendou"}, "producer_artists": [], "song_relationships": [{"type": "samples", "songs": []}, {"type": "sampled_in", "songs": []}, {"type": "interpolates", "songs": []}, {"type": "interpolated_by", "songs": []}, {"type": "cover_of", "songs": []}, {"type": "covered_by", "songs": []}, {"type": "remix_of", "songs": []}, {"type": "remixed_by", "songs": []}, {"type": "live_version_of", "songs": []}, {"type": "performed_live_as", "songs": []}], "verified_annotations_by": [], "verified_contributors": [], "verified_lyrics_by": [], "writer_artists": [{"api_path": "/artists/1460712", "header_image_url": "https://images.genius.com/fc1be620c638a17bcfbc823bf7c5795f.1000x1000x1.jpg", "id": 1460712, "image_url": "https://images.genius.com/fc1be620c638a17bcfbc823bf7c5795f.1000x1000x1.jpg", "is_meme_verified": false, "is_verified": false, "name": "Vendou", "url": "https://genius.com/artists/Vendou"}], "lyrics": "[Refrain]\nY faisait chaud comme dans un [?]\n[?] pis j'\u00e9tais dans ma zone\nDanser un slow avec une belle amazone\nMa blonde m'appelle, faut que j'rentre \u00e0 maison\nFaut j'rentre \u00e0 maison, faut j'rentre \u00e0 maison\nMa blonde m'appelle, faut que j'rentre \u00e0 maison\nLe devoir m'appelle, faut que j'rentre \u00e0 maison\n\n[Verse 1]\nLe devoir m'appelle, recevoir ma paye\nPayer mon rent, payer mon cell\nPayer mon herbe, payer mes dettes\nPayer pour toute c'que j'ai faite\nJ'sais pas qui j'suis, y'a quelque chose qui m'\u00e9chappe\nAu moins j'le sais, c'est une petite \u00e9tape\nJ'ai pris une d\u00e9barque\nJ'veux m'en aller\nJ'veux m'envoler, prendre mes cliques et mes claques\nFaut j'rentre \u00e0 maison, faut j'rentre \u00e0 maison\nMa blonde m'appelle, faut que j'rentre \u00e0 maison\nLe devoir m'appelle, faut que j'rentre \u00e0 maison\n[?] mais ma mom a raison\n[?] l'homme d'la maison\nFaut j'get une job, faut j'get du cob\n[?] ce mode de vie l\u00e0\nJ'aime \u00e7a, j'fais du son\n\n[Refrain]\nY faisait chaud comme dans un [?]\n[?] pis j'\u00e9tais dans ma zone\nDanser un slow avec une belle amazone\nMa blonde m'appelle, faut que j'rentre \u00e0 maison\nQuand ma blonde m'appelle, faut que j'r\u00e9ponde\n\n[Verse 2]\nFous-moi la paye, j'veux juste fumer des c\u00f4nes\n[?]\nJ'ai get the fuck out, j'ai pas fini mon quart\n[?] me donner mon beurre\n[?] vider mon coeur\n[?]\nY'a rien de dr\u00f4le dans un nine to five\n[?]\nOn construit nos r\u00eaves\nWe gon' be alright [?]\n[?] j'aurais pas su te plaire\n[?] j'aurais dont d\u00fb le faire\n[?] j'aurais dont d\u00fb me taire\nJ'en ai us\u00e9 ma voix, j'en ai perdu la t\u00eate\n\n[Refrain]\nY faisait chaud comme dans un [?]\n[?] pis j'\u00e9tais dans ma zone\nDanser un slow avec une belle amazone\nMa blonde m'appelle, faut que j'rentre \u00e0 maison\nFaut j'rentre \u00e0 maison, faut j'rentre \u00e0 maison\nMa blonde m'appelle, faut que j'rentre \u00e0 maison\nLe devoir m'appelle, faut que j'rentre \u00e0 maison\n\n[Verse 3]\n[en transcription]"}}, {"title": "Piscine Love", "album": "Doux or Die", "year": "2018-03-05", "lyrics": "[Verse 1]\nJ'l'ai vu en arrivant dans ses yeux\n\u00c7a brillait, j'l'ai revue s'habillant\nMais qu'est-ce qui est arriv\u00e9?\nC'est un vrai diamant\nImpossible vivre \u00e0 deux, donc on s'est dit amants\nAu lieu de se dire adieu\n\n[Chorus]\nTout ce que je veux c'est la paix\n\u00c7a m'\u00e9puise\nJ'te promets de revenir apr\u00e8s\n[?] piscine love\n\n[Refrain]\nDu love dans la piscine\nDu love dans la piscine\nC'est le piscine love mon gars\nDu love dans la piscine\nDu love dans la piscine\nC'est le piscine love mon gars\n\n[Verse 2]\n\u00c9coute pas c'qu'on raconte\n[?]\n\u00c7a r'devient \u00e9puisant\nL'amour c'est la source \u00e0 laquelle nous puisons\nLe rem\u00e8de est puissant\nMon coeur est un fleuve [?] ruisseau\nJ'en ai pris soin\nTon coeur est plut\u00f4t c'qu'on appelle une prison\n[?]\nC'est un pi\u00e8ge boy\nIls ont pris nos r\u00eaves, boy\nTout c'qu'ils veulent c'est la guerre\n\n[Chorus]\nTout ce que je veux c'est la paix\n\u00c7a m'\u00e9puise\nJe te promets de revenir apr\u00e8s\n[?] piscine love\n\n[Refrain]\nDu love dans la piscine\nDu love dans la piscine\nC'est le piscine love mon gars\nDu love dans la piscine\nDu love dans la piscine\nC'est le piscine love mon gars\n\n[Verse 3]\nAucune id\u00e9e d'c'que la vie m'voulait\n[?] m\u00eame pas de s'il-vous-pla\u00eet\nJuste un merci beaucoup pour ce petit couplet\nJ'ai le vent dans les voiles, j'suis sur mon air d'aller\n[?]\nSuis mon \u00e9toile jusqu'\u00e0 m'envoler\nNon plus rien n'm'arr\u00eate [?]\n[?] comme un mandala\nVous voulez la paix, ben demandez-la\nVous voulez l'amour, ben il faut la donner\n[?]\nOn est partis de rien, pourtant on est l\u00e0\nLes pieds dans le sable\nPis les yeux ferm\u00e9s\nPis j'suis s\u00fbr qu'ensemble\nBen on peut faire mieux\n\n[Refrain]\nDu love dans la piscine\nDu love dans la piscine\nC'est le piscine love mon gars\nDu love dans la piscine\nDu love dans la piscine\nC'est le piscine love mon gars", "image": "https://images.genius.com/e39ed81b72e3c296932fa581b0cfbe2b.500x500x1.jpg", "artist": "Vendou", "raw": {"annotation_count": 0, "api_path": "/songs/3686767", "apple_music_id": "1442358734", "apple_music_player_url": "https://genius.com/songs/3686767/apple_music_player", "description": {"plain": "?"}, "embed_content": "<div id='rg_embed_link_3686767' class='rg_embed_link' data-song-id='3686767'>Read <a href='https://genius.com/Vendou-piscine-love-lyrics'>\u201cPiscine Love\u201d by Vendou</a> on Genius</div> <script crossorigin src='//genius.com/songs/3686767/embed.js'></script>", "featured_video": false, "full_title": "Piscine Love by\u00a0Vendou", "header_image_thumbnail_url": "https://images.genius.com/e39ed81b72e3c296932fa581b0cfbe2b.300x300x1.jpg", "header_image_url": "https://images.genius.com/e39ed81b72e3c296932fa581b0cfbe2b.500x500x1.jpg", "id": 3686767, "lyrics_owner_id": 1201983, "lyrics_state": "complete", "path": "/Vendou-piscine-love-lyrics", "pyongs_count": null, "recording_location": null, "release_date": "2018-03-05", "song_art_image_thumbnail_url": "https://images.genius.com/e39ed81b72e3c296932fa581b0cfbe2b.300x300x1.jpg", "song_art_image_url": "https://images.genius.com/e39ed81b72e3c296932fa581b0cfbe2b.500x500x1.jpg", "stats": {"accepted_annotations": 0, "contributors": 1, "hot": false, "iq_earners": 1, "transcribers": 1, "unreviewed_annotations": 0, "verified_annotations": 0}, "title": "Piscine Love", "title_with_featured": "Piscine Love", "url": "https://genius.com/Vendou-piscine-love-lyrics", "current_user_metadata": {"permissions": ["view_apple_music_player", "create_comment", "view_song_story_gallery"], "excluded_permissions": ["follow", "award_transcription_iq", "remove_transcription_iq", "see_pageviews", "pyong", "edit_lyrics", "view_annotation_engagement_data", "publish", "unpublish", "edit_spotify_details", "hide", "unhide", "toggle_featured_video", "add_pinned_annotation_to", "add_community_annotation_to", "destroy", "mark_as_not_spam", "edit_spotify_annotations_for", "verify_lyrics", "unverify_lyrics", "edit_anything", "edit_any_media", "edit", "rename", "edit_tags", "watch_fact_track", "reindex", "view_lyrics_synchronization", "enable_media", "disable_media", "edit_lyrics_or_annotation_brackets", "see_editorial_indicators", "view_attribution_visualization", "edit_annotation_brackets", "preview_lyrics_for_export", "hide_apple_player", "unhide_apple_player", "trigger_apple_match", "mark_lyrics_evaluation_as_approved", "mark_lyrics_evaluation_as_staff_approved", "mark_lyrics_evaluation_as_unapproved", "mark_lyrics_evaluation_as_un_staff_approved", "view_transcriber_media_player", "override_apple_match", "edit_youtube_url", "edit_soundcloud_url", "edit_spotify_uuid", "edit_vevo_url", "moderate_annotations", "create_annotation", "see_short_id", "manage_chart_item", "create_tag", "propose_lyrics_edit", "moderate_lyrics_edit_proposals"], "interactions": {"pyong": false, "following": false}, "relationships": {}, "iq_by_action": {}}, "album": {"api_path": "/albums/424801", "cover_art_url": "https://images.genius.com/e39ed81b72e3c296932fa581b0cfbe2b.500x500x1.jpg", "full_title": "Doux or Die by Vendou", "id": 424801, "name": "Doux or Die", "url": "https://genius.com/albums/Vendou/Doux-or-die", "artist": {"api_path": "/artists/1460712", "header_image_url": "https://images.genius.com/fc1be620c638a17bcfbc823bf7c5795f.1000x1000x1.jpg", "id": 1460712, "image_url": "https://images.genius.com/fc1be620c638a17bcfbc823bf7c5795f.1000x1000x1.jpg", "is_meme_verified": false, "is_verified": false, "name": "Vendou", "url": "https://genius.com/artists/Vendou"}}, "custom_performances": [], "description_annotation": {"_type": "referent", "annotator_id": 1201983, "annotator_login": "lvpvs", "api_path": "/referents/14451026", "classification": "needs_exegesis", "fragment": "Piscine Love", "id": 14451026, "is_description": true, "path": "/14451026/Vendou-piscine-love/Piscine-love", "range": {"content": "Piscine Love"}, "song_id": 3686767, "url": "https://genius.com/14451026/Vendou-piscine-love/Piscine-love", "verified_annotator_ids": [], "annotatable": {"api_path": "/songs/3686767", "client_timestamps": {"updated_by_human_at": 1525755009, "lyrics_updated_at": 1525755009}, "context": "Vendou", "id": 3686767, "image_url": "https://images.genius.com/e39ed81b72e3c296932fa581b0cfbe2b.500x500x1.jpg", "link_title": "Piscine Love by\u00a0Vendou", "title": "Piscine Love", "type": "Song", "url": "https://genius.com/Vendou-piscine-love-lyrics"}, "annotations": [{"api_path": "/annotations/14451026", "body": {"plain": ""}, "comment_count": 0, "community": true, "custom_preview": null, "has_voters": false, "id": 14451026, "pinned": false, "share_url": "https://genius.com/14451026", "source": null, "state": "needs_exegesis", "url": "https://genius.com/14451026/Vendou-piscine-love/Piscine-love", "verified": false, "votes_total": 0, "current_user_metadata": {"permissions": [], "excluded_permissions": ["vote", "edit", "cosign", "uncosign", "destroy", "accept", "reject", "see_unreviewed", "clear_votes", "propose_edit_to", "pin_to_profile", "unpin_from_profile", "update_source", "edit_custom_preview", "create_comment"], "interactions": {"cosign": false, "pyong": false, "vote": null}, "iq_by_action": {}}, "authors": [{"attribution": 1.0, "pinned_role": null, "user": {"api_path": "/users/1201983", "avatar": {"tiny": {"url": "https://s3.amazonaws.com/filepicker-images-rapgenius/6xu65ktr59n", "bounding_box": {"width": 16, "height": 16}}, "thumb": {"url": "https://s3.amazonaws.com/filepicker-images-rapgenius/6xu65ktr59n", "bounding_box": {"width": 32, "height": 32}}, "small": {"url": "https://s3.amazonaws.com/filepicker-images-rapgenius/6xu65ktr59n", "bounding_box": {"width": 100, "height": 100}}, "medium": {"url": "https://s3.amazonaws.com/filepicker-images-rapgenius/6xu65ktr59n", "bounding_box": {"width": 300, "height": 400}}}, "header_image_url": "https://s3.amazonaws.com/filepicker-images-rapgenius/q9nwh13ry9", "human_readable_role_for_display": "Contributor", "id": 1201983, "iq": 205033, "login": "lvpvs", "name": "lvpvs", "role_for_display": "contributor", "url": "https://genius.com/lvpvs", "current_user_metadata": {"permissions": [], "excluded_permissions": ["follow"], "interactions": {"following": false}, "features": []}}}], "cosigned_by": [], "rejection_comment": null, "verified_by": null}]}, "featured_artists": [], "lyrics_marked_complete_by": null, "media": [], "primary_artist": {"api_path": "/artists/1460712", "header_image_url": "https://images.genius.com/fc1be620c638a17bcfbc823bf7c5795f.1000x1000x1.jpg", "id": 1460712, "image_url": "https://images.genius.com/fc1be620c638a17bcfbc823bf7c5795f.1000x1000x1.jpg", "is_meme_verified": false, "is_verified": false, "name": "Vendou", "url": "https://genius.com/artists/Vendou"}, "producer_artists": [], "song_relationships": [{"type": "samples", "songs": []}, {"type": "sampled_in", "songs": []}, {"type": "interpolates", "songs": []}, {"type": "interpolated_by", "songs": []}, {"type": "cover_of", "songs": []}, {"type": "covered_by", "songs": []}, {"type": "remix_of", "songs": []}, {"type": "remixed_by", "songs": []}, {"type": "live_version_of", "songs": []}, {"type": "performed_live_as", "songs": []}], "verified_annotations_by": [], "verified_contributors": [], "verified_lyrics_by": [], "writer_artists": [{"api_path": "/artists/1460712", "header_image_url": "https://images.genius.com/fc1be620c638a17bcfbc823bf7c5795f.1000x1000x1.jpg", "id": 1460712, "image_url": "https://images.genius.com/fc1be620c638a17bcfbc823bf7c5795f.1000x1000x1.jpg", "is_meme_verified": false, "is_verified": false, "name": "Vendou", "url": "https://genius.com/artists/Vendou"}], "lyrics": "[Verse 1]\nJ'l'ai vu en arrivant dans ses yeux\n\u00c7a brillait, j'l'ai revue s'habillant\nMais qu'est-ce qui est arriv\u00e9?\nC'est un vrai diamant\nImpossible vivre \u00e0 deux, donc on s'est dit amants\nAu lieu de se dire adieu\n\n[Chorus]\nTout ce que je veux c'est la paix\n\u00c7a m'\u00e9puise\nJ'te promets de revenir apr\u00e8s\n[?] piscine love\n\n[Refrain]\nDu love dans la piscine\nDu love dans la piscine\nC'est le piscine love mon gars\nDu love dans la piscine\nDu love dans la piscine\nC'est le piscine love mon gars\n\n[Verse 2]\n\u00c9coute pas c'qu'on raconte\n[?]\n\u00c7a r'devient \u00e9puisant\nL'amour c'est la source \u00e0 laquelle nous puisons\nLe rem\u00e8de est puissant\nMon coeur est un fleuve [?] ruisseau\nJ'en ai pris soin\nTon coeur est plut\u00f4t c'qu'on appelle une prison\n[?]\nC'est un pi\u00e8ge boy\nIls ont pris nos r\u00eaves, boy\nTout c'qu'ils veulent c'est la guerre\n\n[Chorus]\nTout ce que je veux c'est la paix\n\u00c7a m'\u00e9puise\nJe te promets de revenir apr\u00e8s\n[?] piscine love\n\n[Refrain]\nDu love dans la piscine\nDu love dans la piscine\nC'est le piscine love mon gars\nDu love dans la piscine\nDu love dans la piscine\nC'est le piscine love mon gars\n\n[Verse 3]\nAucune id\u00e9e d'c'que la vie m'voulait\n[?] m\u00eame pas de s'il-vous-pla\u00eet\nJuste un merci beaucoup pour ce petit couplet\nJ'ai le vent dans les voiles, j'suis sur mon air d'aller\n[?]\nSuis mon \u00e9toile jusqu'\u00e0 m'envoler\nNon plus rien n'm'arr\u00eate [?]\n[?] comme un mandala\nVous voulez la paix, ben demandez-la\nVous voulez l'amour, ben il faut la donner\n[?]\nOn est partis de rien, pourtant on est l\u00e0\nLes pieds dans le sable\nPis les yeux ferm\u00e9s\nPis j'suis s\u00fbr qu'ensemble\nBen on peut faire mieux\n\n[Refrain]\nDu love dans la piscine\nDu love dans la piscine\nC'est le piscine love mon gars\nDu love dans la piscine\nDu love dans la piscine\nC'est le piscine love mon gars"}}, {"title": "Rigolade", "album": "Exotique", "year": "2018-06-13", "lyrics": "          \n            Lyrics for this song have yet to be released. Please check back once the song has been released.\n          \n        ", "image": "https://images.genius.com/99b9f8efcb626b57d0a3a38e5daa4856.700x700x1.jpg", "artist": "Vendou", "raw": {"annotation_count": 0, "api_path": "/songs/4063580", "apple_music_id": "1442365314", "apple_music_player_url": "https://genius.com/songs/4063580/apple_music_player", "description": {"plain": "?"}, "embed_content": "<div id='rg_embed_link_4063580' class='rg_embed_link' data-song-id='4063580'>Read <a href='https://genius.com/Vendou-rigolade-lyrics'>\u201cRigolade\u201d by Vendou</a> on Genius</div> <script crossorigin src='//genius.com/songs/4063580/embed.js'></script>", "featured_video": false, "full_title": "Rigolade by\u00a0Vendou", "header_image_thumbnail_url": "https://images.genius.com/99b9f8efcb626b57d0a3a38e5daa4856.300x300x1.jpg", "header_image_url": "https://images.genius.com/99b9f8efcb626b57d0a3a38e5daa4856.700x700x1.jpg", "id": 4063580, "lyrics_owner_id": 1201983, "lyrics_state": "unreleased", "path": "/Vendou-rigolade-lyrics", "pyongs_count": null, "recording_location": null, "release_date": "2018-06-13", "song_art_image_thumbnail_url": "https://images.genius.com/99b9f8efcb626b57d0a3a38e5daa4856.300x300x1.jpg", "song_art_image_url": "https://images.genius.com/99b9f8efcb626b57d0a3a38e5daa4856.700x700x1.jpg", "stats": {"accepted_annotations": 0, "contributors": 1, "hot": false, "iq_earners": 1, "transcribers": 1, "unreviewed_annotations": 0, "verified_annotations": 0}, "title": "Rigolade", "title_with_featured": "Rigolade", "url": "https://genius.com/Vendou-rigolade-lyrics", "current_user_metadata": {"permissions": ["view_apple_music_player", "create_comment", "view_song_story_gallery"], "excluded_permissions": ["follow", "award_transcription_iq", "remove_transcription_iq", "see_pageviews", "pyong", "edit_lyrics", "view_annotation_engagement_data", "publish", "unpublish", "edit_spotify_details", "hide", "unhide", "toggle_featured_video", "add_pinned_annotation_to", "add_community_annotation_to", "destroy", "mark_as_not_spam", "edit_spotify_annotations_for", "verify_lyrics", "unverify_lyrics", "edit_anything", "edit_any_media", "edit", "rename", "edit_tags", "watch_fact_track", "reindex", "view_lyrics_synchronization", "enable_media", "disable_media", "edit_lyrics_or_annotation_brackets", "see_editorial_indicators", "view_attribution_visualization", "edit_annotation_brackets", "preview_lyrics_for_export", "hide_apple_player", "unhide_apple_player", "trigger_apple_match", "mark_lyrics_evaluation_as_approved", "mark_lyrics_evaluation_as_staff_approved", "mark_lyrics_evaluation_as_unapproved", "mark_lyrics_evaluation_as_un_staff_approved", "view_transcriber_media_player", "override_apple_match", "edit_youtube_url", "edit_soundcloud_url", "edit_spotify_uuid", "edit_vevo_url", "moderate_annotations", "create_annotation", "see_short_id", "manage_chart_item", "create_tag", "propose_lyrics_edit", "moderate_lyrics_edit_proposals"], "interactions": {"pyong": false, "following": false}, "relationships": {}, "iq_by_action": {}}, "album": {"api_path": "/albums/475703", "cover_art_url": "https://images.genius.com/99b9f8efcb626b57d0a3a38e5daa4856.700x700x1.jpg", "full_title": "Exotique by Vendou", "id": 475703, "name": "Exotique", "url": "https://genius.com/albums/Vendou/Exotique", "artist": {"api_path": "/artists/1460712", "header_image_url": "https://images.genius.com/fc1be620c638a17bcfbc823bf7c5795f.1000x1000x1.jpg", "id": 1460712, "image_url": "https://images.genius.com/fc1be620c638a17bcfbc823bf7c5795f.1000x1000x1.jpg", "is_meme_verified": false, "is_verified": false, "name": "Vendou", "url": "https://genius.com/artists/Vendou"}}, "custom_performances": [{"label": "Recorded & Mixed By", "artists": [{"api_path": "/artists/1626224", "header_image_url": "https://assets.genius.com/images/default_avatar_300.png?1550608980", "id": 1626224, "image_url": "https://assets.genius.com/images/default_avatar_300.png?1550608980", "is_meme_verified": false, "is_verified": false, "name": "LeBoard", "url": "https://genius.com/artists/Leboard"}]}, {"label": "Mastered by", "artists": [{"api_path": "/artists/1498154", "header_image_url": "https://images.genius.com/56acf39f2d85249feef4ca3a87808e7e.288x288x1.jpg", "id": 1498154, "image_url": "https://images.genius.com/56acf39f2d85249feef4ca3a87808e7e.288x288x1.jpg", "is_meme_verified": false, "is_verified": false, "name": "Quantum Music", "url": "https://genius.com/artists/Quantum-music"}]}], "description_annotation": {"_type": "referent", "annotator_id": 1201983, "annotator_login": "lvpvs", "api_path": "/referents/15712108", "classification": "needs_exegesis", "fragment": "Rigolade", "id": 15712108, "is_description": true, "path": "/15712108/Vendou-rigolade/Rigolade", "range": {"content": "Rigolade"}, "song_id": 4063580, "url": "https://genius.com/15712108/Vendou-rigolade/Rigolade", "verified_annotator_ids": [], "annotatable": {"api_path": "/songs/4063580", "client_timestamps": {"updated_by_human_at": 1541196688, "lyrics_updated_at": 1541196636}, "context": "Vendou", "id": 4063580, "image_url": "https://images.genius.com/99b9f8efcb626b57d0a3a38e5daa4856.700x700x1.jpg", "link_title": "Rigolade by\u00a0Vendou", "title": "Rigolade", "type": "Song", "url": "https://genius.com/Vendou-rigolade-lyrics"}, "annotations": [{"api_path": "/annotations/15712108", "body": {"plain": ""}, "comment_count": 0, "community": true, "custom_preview": null, "has_voters": false, "id": 15712108, "pinned": false, "share_url": "https://genius.com/15712108", "source": null, "state": "needs_exegesis", "url": "https://genius.com/15712108/Vendou-rigolade/Rigolade", "verified": false, "votes_total": 0, "current_user_metadata": {"permissions": [], "excluded_permissions": ["vote", "edit", "cosign", "uncosign", "destroy", "accept", "reject", "see_unreviewed", "clear_votes", "propose_edit_to", "pin_to_profile", "unpin_from_profile", "update_source", "edit_custom_preview", "create_comment"], "interactions": {"cosign": false, "pyong": false, "vote": null}, "iq_by_action": {}}, "authors": [{"attribution": 1.0, "pinned_role": null, "user": {"api_path": "/users/1201983", "avatar": {"tiny": {"url": "https://s3.amazonaws.com/filepicker-images-rapgenius/6xu65ktr59n", "bounding_box": {"width": 16, "height": 16}}, "thumb": {"url": "https://s3.amazonaws.com/filepicker-images-rapgenius/6xu65ktr59n", "bounding_box": {"width": 32, "height": 32}}, "small": {"url": "https://s3.amazonaws.com/filepicker-images-rapgenius/6xu65ktr59n", "bounding_box": {"width": 100, "height": 100}}, "medium": {"url": "https://s3.amazonaws.com/filepicker-images-rapgenius/6xu65ktr59n", "bounding_box": {"width": 300, "height": 400}}}, "header_image_url": "https://s3.amazonaws.com/filepicker-images-rapgenius/q9nwh13ry9", "human_readable_role_for_display": "Contributor", "id": 1201983, "iq": 205033, "login": "lvpvs", "name": "lvpvs", "role_for_display": "contributor", "url": "https://genius.com/lvpvs", "current_user_metadata": {"permissions": [], "excluded_permissions": ["follow"], "interactions": {"following": false}, "features": []}}}], "cosigned_by": [], "rejection_comment": null, "verified_by": null}]}, "featured_artists": [], "lyrics_marked_complete_by": null, "media": [], "primary_artist": {"api_path": "/artists/1460712", "header_image_url": "https://images.genius.com/fc1be620c638a17bcfbc823bf7c5795f.1000x1000x1.jpg", "id": 1460712, "image_url": "https://images.genius.com/fc1be620c638a17bcfbc823bf7c5795f.1000x1000x1.jpg", "is_meme_verified": false, "is_verified": false, "name": "Vendou", "url": "https://genius.com/artists/Vendou"}, "producer_artists": [{"api_path": "/artists/1247708", "header_image_url": "https://images.genius.com/db177d1b267650181c1bb8a2a9c53b13.1000x210x1.png", "id": 1247708, "image_url": "https://images.genius.com/dad01d6cce912e62ae9681317ddb49d0.756x756x1.jpg", "is_meme_verified": false, "is_verified": false, "name": "FouKi", "url": "https://genius.com/artists/Fouki"}], "song_relationships": [{"type": "samples", "songs": []}, {"type": "sampled_in", "songs": []}, {"type": "interpolates", "songs": []}, {"type": "interpolated_by", "songs": []}, {"type": "cover_of", "songs": []}, {"type": "covered_by", "songs": []}, {"type": "remix_of", "songs": []}, {"type": "remixed_by", "songs": []}, {"type": "live_version_of", "songs": []}, {"type": "performed_live_as", "songs": []}], "verified_annotations_by": [], "verified_contributors": [], "verified_lyrics_by": [], "writer_artists": [{"api_path": "/artists/1460712", "header_image_url": "https://images.genius.com/fc1be620c638a17bcfbc823bf7c5795f.1000x1000x1.jpg", "id": 1460712, "image_url": "https://images.genius.com/fc1be620c638a17bcfbc823bf7c5795f.1000x1000x1.jpg", "is_meme_verified": false, "is_verified": false, "name": "Vendou", "url": "https://genius.com/artists/Vendou"}], "lyrics": "          \n            Lyrics for this song have yet to be released. Please check back once the song has been released.\n          \n        "}}], "artist": "Vendou"}