{"songs": [{"title": "Farine Blanche", "album": null, "year": "2014-07-02", "lyrics": "[Intro]\nTelus, Telus\nCocaine!\nFuck la police monsieur\nNordsale, Telus, Telus\n\n[Refrain]\nJ'ai d'la, j'ai d'la farine blanche, d'la farine\nJ'ai d'la farine blanche, la-la farine blanche\nFishscale, fishscale, tous mes fiends dansent\nTous mes fiends dansent, j'ai d'la farine blanche\nD'la farine blanche, qu'est-ce que les feds en pense?\nJ'ai d'la farine blanche, la farine blanche\nFishscale, fishscale, tous mes fiends dansent\nJ'ai d'la, j'ai d'la farine blanche, d'la farine\n\n[Couplet 1]\nJ'ai d'la farine blanche, la farine blanche\nAll white-white, man j'la p\u00e8se sur la balance\nC'est m\u00eame pas des rances, j'en passe intense\nQu'est-ce que les feds en pense?\nJ'ai la marchandise, j'ai ta friandise\n*Telus j'aime ton stock*\nC'est ce qui me disent\nD'la farine blanche, en quantit\u00e9\nPour la farine blanche, j'peux t'\u00e9liminer\nCette poudre blanche fini dans ton nez\nViens me trouver dans le Nord o\u00f9 c'que \u00e7a s'passe\nViens me trouver dans le D o\u00f9 c'que j'brasse\nPour la cocaine, on te calcine\nFuck ta boxe mon gars, j'sors mon Glock mon gars\nSi j'suis sur ton cas, j'fais des gros d\u00e9g\u00e2ts\nJ'te parle de farine blanche, fuck ta farine france\nJ'te parle de farine blanche, fuck ta farine france, Telus\n\n[Refrain]\nJ'ai d'la, j'ai d'la farine blanche, d'la farine\nJ'ai d'la farine blanche, la-la farine blanche\nFishscale, fishscale, tous mes fiends dansent\nTous mes fiends dansent, j'ai d'la farine blanche\nD'la farine blanche, qu'est-ce que les feds en pense?\nJ'ai d'la farine blanche, la farine blanche\nFishscale, fishscale, tous mes fiends dansent\nJ'ai d'la, j'ai d'la farine blanche, d'la farine\n\n[Couplet 2]\nJ'vois des feds tout partout, ils veulent me lock c'est fou\nFuck Galeau, fuck Cl\u00e9ment, avec eux j'suis pas cl\u00e9ment\nDans la rue j'vends-j'vends, la biz fait du vent\nJ'suis rouge comme du sang, Nordsale c'est mon fucking block\nBossale sur mes plan, Telus aime le blanc\nIl le flip en peu de temps\nJ'aime l'argent comptant, rapidement j'viens comptant\nJ'aime l'argent comptant, rapidement j'viens comptant\n\n[Refrain]\nJ'ai d'la, j'ai d'la farine blanche, d'la farine\nJ'ai d'la farine blanche, la-la farine blanche\nFishscale, fishscale, tous mes fiends dansent\nTous mes fiends dansent, j'ai d'la farine blanche\nD'la farine blanche, qu'est-ce que les feds en pense?\nJ'ai d'la farine blanche, la farine blanche\nFishscale, fishscale, tous mes fiends dansent\nJ'ai d'la, j'ai d'la farine blanche, d'la farine", "image": "https://images.genius.com/4b4580fdc1a59e46ad561c562fa84137.750x1000x1.jpg", "artist": "Telus", "raw": {"annotation_count": 3, "api_path": "/songs/2839409", "apple_music_id": null, "apple_music_player_url": "https://genius.com/songs/2839409/apple_music_player", "description": {"plain": "?"}, "embed_content": "<div id='rg_embed_link_2839409' class='rg_embed_link' data-song-id='2839409'>Read <a href='https://genius.com/Telus-farine-blanche-lyrics'>\u201cFarine Blanche\u201d by Telus</a> on Genius</div> <script crossorigin src='//genius.com/songs/2839409/embed.js'></script>", "featured_video": false, "full_title": "Farine Blanche by\u00a0Telus", "header_image_thumbnail_url": "https://images.genius.com/a3f25a55c262b5fda11f765027b3b4ee.300x169x1.jpg", "header_image_url": "https://images.genius.com/a3f25a55c262b5fda11f765027b3b4ee.1000x563x1.jpg", "id": 2839409, "lyrics_owner_id": 2908767, "lyrics_state": "complete", "path": "/Telus-farine-blanche-lyrics", "pyongs_count": 1, "recording_location": null, "release_date": "2014-07-02", "song_art_image_thumbnail_url": "https://images.genius.com/4b4580fdc1a59e46ad561c562fa84137.300x400x1.jpg", "song_art_image_url": "https://images.genius.com/4b4580fdc1a59e46ad561c562fa84137.750x1000x1.jpg", "stats": {"accepted_annotations": 0, "contributors": 2, "hot": false, "iq_earners": 2, "transcribers": 1, "unreviewed_annotations": 3, "verified_annotations": 0}, "title": "Farine Blanche", "title_with_featured": "Farine Blanche", "url": "https://genius.com/Telus-farine-blanche-lyrics", "current_user_metadata": {"permissions": ["view_apple_music_player", "create_comment", "view_song_story_gallery"], "excluded_permissions": ["follow", "award_transcription_iq", "remove_transcription_iq", "see_pageviews", "pyong", "edit_lyrics", "view_annotation_engagement_data", "publish", "unpublish", "edit_spotify_details", "hide", "unhide", "toggle_featured_video", "add_pinned_annotation_to", "add_community_annotation_to", "destroy", "mark_as_not_spam", "edit_spotify_annotations_for", "verify_lyrics", "unverify_lyrics", "edit_anything", "edit_any_media", "edit", "rename", "edit_tags", "watch_fact_track", "reindex", "view_lyrics_synchronization", "enable_media", "disable_media", "edit_lyrics_or_annotation_brackets", "see_editorial_indicators", "view_attribution_visualization", "edit_annotation_brackets", "preview_lyrics_for_export", "hide_apple_player", "unhide_apple_player", "trigger_apple_match", "mark_lyrics_evaluation_as_approved", "mark_lyrics_evaluation_as_staff_approved", "mark_lyrics_evaluation_as_unapproved", "mark_lyrics_evaluation_as_un_staff_approved", "view_transcriber_media_player", "override_apple_match", "edit_youtube_url", "edit_soundcloud_url", "edit_spotify_uuid", "edit_vevo_url", "moderate_annotations", "create_annotation", "see_short_id", "manage_chart_item", "create_tag", "propose_lyrics_edit", "moderate_lyrics_edit_proposals"], "interactions": {"pyong": false, "following": false}, "relationships": {}, "iq_by_action": {}}, "album": null, "custom_performances": [], "description_annotation": {"_type": "referent", "annotator_id": 2908767, "annotator_login": "d3v2style", "api_path": "/referents/10245102", "classification": "needs_exegesis", "fragment": "Farine Blanche", "id": 10245102, "is_description": true, "path": "/10245102/Telus-farine-blanche/Farine-blanche", "range": {"content": "Farine Blanche"}, "song_id": 2839409, "url": "https://genius.com/10245102/Telus-farine-blanche/Farine-blanche", "verified_annotator_ids": [], "annotatable": {"api_path": "/songs/2839409", "client_timestamps": {"updated_by_human_at": 1511801491, "lyrics_updated_at": 1478213139}, "context": "Telus", "id": 2839409, "image_url": "https://images.genius.com/4b4580fdc1a59e46ad561c562fa84137.750x1000x1.jpg", "link_title": "Farine Blanche by\u00a0Telus", "title": "Farine Blanche", "type": "Song", "url": "https://genius.com/Telus-farine-blanche-lyrics"}, "annotations": [{"api_path": "/annotations/10245102", "body": {"plain": ""}, "comment_count": 0, "community": true, "custom_preview": null, "has_voters": false, "id": 10245102, "pinned": false, "share_url": "https://genius.com/10245102", "source": null, "state": "needs_exegesis", "url": "https://genius.com/10245102/Telus-farine-blanche/Farine-blanche", "verified": false, "votes_total": 0, "current_user_metadata": {"permissions": [], "excluded_permissions": ["vote", "edit", "cosign", "uncosign", "destroy", "accept", "reject", "see_unreviewed", "clear_votes", "propose_edit_to", "pin_to_profile", "unpin_from_profile", "update_source", "edit_custom_preview", "create_comment"], "interactions": {"cosign": false, "pyong": false, "vote": null}, "iq_by_action": {}}, "authors": [{"attribution": 1.0, "pinned_role": null, "user": {"api_path": "/users/2908767", "avatar": {"tiny": {"url": "https://images.genius.com/avatars/tiny/43477718c1b17fb7ad7d9e7b61a1916e", "bounding_box": {"width": 16, "height": 16}}, "thumb": {"url": "https://images.genius.com/avatars/thumb/43477718c1b17fb7ad7d9e7b61a1916e", "bounding_box": {"width": 32, "height": 32}}, "small": {"url": "https://images.genius.com/avatars/small/43477718c1b17fb7ad7d9e7b61a1916e", "bounding_box": {"width": 100, "height": 100}}, "medium": {"url": "https://images.genius.com/avatars/medium/43477718c1b17fb7ad7d9e7b61a1916e", "bounding_box": {"width": 300, "height": 400}}}, "header_image_url": "https://images.genius.com/avatars/medium/43477718c1b17fb7ad7d9e7b61a1916e", "human_readable_role_for_display": "Contributor", "id": 2908767, "iq": 1164, "login": "d3v2style", "name": "d3v2style", "role_for_display": "contributor", "url": "https://genius.com/d3v2style", "current_user_metadata": {"permissions": [], "excluded_permissions": ["follow"], "interactions": {"following": false}, "features": []}}}], "cosigned_by": [], "rejection_comment": null, "verified_by": null}]}, "featured_artists": [], "lyrics_marked_complete_by": null, "media": [{"provider": "youtube", "start": 4, "type": "video", "url": "http://www.youtube.com/watch?v=-QQA8XhEayU"}], "primary_artist": {"api_path": "/artists/126080", "header_image_url": "https://assets.genius.com/images/default_avatar_300.png?1550179390", "id": 126080, "image_url": "https://assets.genius.com/images/default_avatar_300.png?1550179390", "is_meme_verified": false, "is_verified": false, "name": "Telus", "url": "https://genius.com/artists/Telus"}, "producer_artists": [{"api_path": "/artists/1031714", "header_image_url": "https://images.genius.com/554e85c2ff1c1058a9ba7ffe88442bf9.500x500x1.jpg", "id": 1031714, "image_url": "https://images.genius.com/554e85c2ff1c1058a9ba7ffe88442bf9.500x500x1.jpg", "is_meme_verified": false, "is_verified": false, "name": "The North Virus", "url": "https://genius.com/artists/The-north-virus"}], "song_relationships": [{"type": "samples", "songs": []}, {"type": "sampled_in", "songs": []}, {"type": "interpolates", "songs": []}, {"type": "interpolated_by", "songs": []}, {"type": "cover_of", "songs": []}, {"type": "covered_by", "songs": []}, {"type": "remix_of", "songs": []}, {"type": "remixed_by", "songs": []}, {"type": "live_version_of", "songs": []}, {"type": "performed_live_as", "songs": []}], "verified_annotations_by": [], "verified_contributors": [], "verified_lyrics_by": [], "writer_artists": [{"api_path": "/artists/126080", "header_image_url": "https://assets.genius.com/images/default_avatar_300.png?1550179390", "id": 126080, "image_url": "https://assets.genius.com/images/default_avatar_300.png?1550179390", "is_meme_verified": false, "is_verified": false, "name": "Telus", "url": "https://genius.com/artists/Telus"}], "lyrics": "[Intro]\nTelus, Telus\nCocaine!\nFuck la police monsieur\nNordsale, Telus, Telus\n\n[Refrain]\nJ'ai d'la, j'ai d'la farine blanche, d'la farine\nJ'ai d'la farine blanche, la-la farine blanche\nFishscale, fishscale, tous mes fiends dansent\nTous mes fiends dansent, j'ai d'la farine blanche\nD'la farine blanche, qu'est-ce que les feds en pense?\nJ'ai d'la farine blanche, la farine blanche\nFishscale, fishscale, tous mes fiends dansent\nJ'ai d'la, j'ai d'la farine blanche, d'la farine\n\n[Couplet 1]\nJ'ai d'la farine blanche, la farine blanche\nAll white-white, man j'la p\u00e8se sur la balance\nC'est m\u00eame pas des rances, j'en passe intense\nQu'est-ce que les feds en pense?\nJ'ai la marchandise, j'ai ta friandise\n*Telus j'aime ton stock*\nC'est ce qui me disent\nD'la farine blanche, en quantit\u00e9\nPour la farine blanche, j'peux t'\u00e9liminer\nCette poudre blanche fini dans ton nez\nViens me trouver dans le Nord o\u00f9 c'que \u00e7a s'passe\nViens me trouver dans le D o\u00f9 c'que j'brasse\nPour la cocaine, on te calcine\nFuck ta boxe mon gars, j'sors mon Glock mon gars\nSi j'suis sur ton cas, j'fais des gros d\u00e9g\u00e2ts\nJ'te parle de farine blanche, fuck ta farine france\nJ'te parle de farine blanche, fuck ta farine france, Telus\n\n[Refrain]\nJ'ai d'la, j'ai d'la farine blanche, d'la farine\nJ'ai d'la farine blanche, la-la farine blanche\nFishscale, fishscale, tous mes fiends dansent\nTous mes fiends dansent, j'ai d'la farine blanche\nD'la farine blanche, qu'est-ce que les feds en pense?\nJ'ai d'la farine blanche, la farine blanche\nFishscale, fishscale, tous mes fiends dansent\nJ'ai d'la, j'ai d'la farine blanche, d'la farine\n\n[Couplet 2]\nJ'vois des feds tout partout, ils veulent me lock c'est fou\nFuck Galeau, fuck Cl\u00e9ment, avec eux j'suis pas cl\u00e9ment\nDans la rue j'vends-j'vends, la biz fait du vent\nJ'suis rouge comme du sang, Nordsale c'est mon fucking block\nBossale sur mes plan, Telus aime le blanc\nIl le flip en peu de temps\nJ'aime l'argent comptant, rapidement j'viens comptant\nJ'aime l'argent comptant, rapidement j'viens comptant\n\n[Refrain]\nJ'ai d'la, j'ai d'la farine blanche, d'la farine\nJ'ai d'la farine blanche, la-la farine blanche\nFishscale, fishscale, tous mes fiends dansent\nTous mes fiends dansent, j'ai d'la farine blanche\nD'la farine blanche, qu'est-ce que les feds en pense?\nJ'ai d'la farine blanche, la farine blanche\nFishscale, fishscale, tous mes fiends dansent\nJ'ai d'la, j'ai d'la farine blanche, d'la farine"}}, {"title": "J'suis dirt", "album": null, "year": "2014-02-13", "lyrics": "J'suis dirt j'suis dirt j'suis dirt j'suis dirt j'suis dirt j'suis dirt\nJ'suis dirt j'suis dirt j'suis dirt\nJ'viens du nord tu fuck t'es mort\nJ'suis dirt j'suis dirt j'suis dirt j'suis dirt j'suis dirt j'suis dirt\nJ'viens du nord tu fuck t'es mort\nJ'suis dirt jsuis dirt j'suis dirt\n\nMes negs aiment l'action, on prend pas d'pression\nFait attention on aime les outils longs\nFuck negro on t'fend, fuck negro tu prends\nJaime pas les braikais j'les light comme des briquets\nMon style est trop frais, pour ca negro tu m'hais\nFait ton fuck\u00e9 pis a jamais jte tais, tu sais negro tes fait\nCaca sur toi t'as fait\nTa fait mes negs nord tes frais rouge ou bleu tu prends pareil\n\nJ'te lagg tete sekel, boulet dans ton fiel\nJ'suis sale j'suis sale, j'viens du nord c'est normal\nViens mtrouver dans l'aile pascale, viens m'trouver a Beri-uquam rapidement\nJ'passe ma came, rapidement j'flippe mes grammes, j'flippe j'flippe j'flippe j'flippe\nPis jparle pas dchanger d'gang, tes dla vermine pas lchoix foit j'telimine\nBoulet dans ton cul j'te fais chanter comme C\u00e9line\n\nJ'suis dirt j'suis dirt j'suis dirt j'suis dirt j'suis dirt j'suis dirt\nJ'suis dirt j'suis dirt j'suis dirt\nJ'viens du nord tu fuck t'es mort\nJ'suis dirt j'suis dirt j'suis dirt j'suis dirt j'suis dirt j'suis dirt\nJ'viens du nord tu fuck t'es mort\nJ'suis dirt jsuis dirt j'suis dirt\n\n\nVEGGG SUR RYDER MONCHAI", "image": "https://assets.genius.com/images/default_cover_image.png?1550179390", "artist": "Telus", "raw": {"annotation_count": 20, "api_path": "/songs/479641", "apple_music_id": null, "apple_music_player_url": "https://genius.com/songs/479641/apple_music_player", "description": {"plain": "fait ca bien"}, "embed_content": "<div id='rg_embed_link_479641' class='rg_embed_link' data-song-id='479641'>Read <a href='https://genius.com/Telus-jsuis-dirt-lyrics'>\u201cJ'suis dirt\u201d by Telus</a> on Genius</div> <script crossorigin src='//genius.com/songs/479641/embed.js'></script>", "featured_video": false, "full_title": "J'suis dirt by\u00a0Telus", "header_image_thumbnail_url": "https://assets.genius.com/images/default_cover_image.png?1550179390", "header_image_url": "https://assets.genius.com/images/default_cover_image.png?1550179390", "id": 479641, "lyrics_owner_id": 1066684, "lyrics_state": "complete", "path": "/Telus-jsuis-dirt-lyrics", "pyongs_count": null, "recording_location": null, "release_date": "2014-02-13", "song_art_image_thumbnail_url": "https://assets.genius.com/images/default_cover_image.png?1550179390", "song_art_image_url": "https://assets.genius.com/images/default_cover_image.png?1550179390", "stats": {"accepted_annotations": 0, "contributors": 2, "hot": false, "iq_earners": 2, "transcribers": 1, "unreviewed_annotations": 20, "verified_annotations": 0}, "title": "J'suis dirt", "title_with_featured": "J'suis dirt", "url": "https://genius.com/Telus-jsuis-dirt-lyrics", "current_user_metadata": {"permissions": ["view_apple_music_player", "create_comment", "view_song_story_gallery"], "excluded_permissions": ["follow", "award_transcription_iq", "remove_transcription_iq", "see_pageviews", "pyong", "edit_lyrics", "view_annotation_engagement_data", "publish", "unpublish", "edit_spotify_details", "hide", "unhide", "toggle_featured_video", "add_pinned_annotation_to", "add_community_annotation_to", "destroy", "mark_as_not_spam", "edit_spotify_annotations_for", "verify_lyrics", "unverify_lyrics", "edit_anything", "edit_any_media", "edit", "rename", "edit_tags", "watch_fact_track", "reindex", "view_lyrics_synchronization", "enable_media", "disable_media", "edit_lyrics_or_annotation_brackets", "see_editorial_indicators", "view_attribution_visualization", "edit_annotation_brackets", "preview_lyrics_for_export", "hide_apple_player", "unhide_apple_player", "trigger_apple_match", "mark_lyrics_evaluation_as_approved", "mark_lyrics_evaluation_as_staff_approved", "mark_lyrics_evaluation_as_unapproved", "mark_lyrics_evaluation_as_un_staff_approved", "view_transcriber_media_player", "override_apple_match", "edit_youtube_url", "edit_soundcloud_url", "edit_spotify_uuid", "edit_vevo_url", "moderate_annotations", "create_annotation", "see_short_id", "manage_chart_item", "create_tag", "propose_lyrics_edit", "moderate_lyrics_edit_proposals"], "interactions": {"pyong": false, "following": false}, "relationships": {}, "iq_by_action": {}}, "album": null, "custom_performances": [], "description_annotation": {"_type": "referent", "annotator_id": 1066684, "annotator_login": "xKetx", "api_path": "/referents/3642805", "classification": "unreviewed", "fragment": "J'suis dirt", "id": 3642805, "is_description": true, "path": "/3642805/Telus-jsuis-dirt/Jsuis-dirt", "range": {"content": "J'suis dirt"}, "song_id": 479641, "url": "https://genius.com/3642805/Telus-jsuis-dirt/Jsuis-dirt", "verified_annotator_ids": [], "annotatable": {"api_path": "/songs/479641", "client_timestamps": {"updated_by_human_at": 1516389744, "lyrics_updated_at": 1405548795}, "context": "Telus", "id": 479641, "image_url": "https://assets.genius.com/images/default_cover_image.png?1550179390", "link_title": "J'suis dirt by\u00a0Telus", "title": "J'suis dirt", "type": "Song", "url": "https://genius.com/Telus-jsuis-dirt-lyrics"}, "annotations": [{"api_path": "/annotations/3642805", "body": {"plain": "fait ca bien"}, "comment_count": 0, "community": true, "custom_preview": null, "has_voters": false, "id": 3642805, "pinned": false, "share_url": "https://genius.com/3642805", "source": null, "state": "pending", "url": "https://genius.com/3642805/Telus-jsuis-dirt/Jsuis-dirt", "verified": false, "votes_total": 0, "current_user_metadata": {"permissions": ["create_comment"], "excluded_permissions": ["vote", "edit", "cosign", "uncosign", "destroy", "accept", "reject", "see_unreviewed", "clear_votes", "propose_edit_to", "pin_to_profile", "unpin_from_profile", "update_source", "edit_custom_preview"], "interactions": {"cosign": false, "pyong": false, "vote": null}, "iq_by_action": {}}, "authors": [{"attribution": 1.0, "pinned_role": null, "user": {"api_path": "/users/1066684", "avatar": {"tiny": {"url": "https://assets.genius.com/images/default_avatar_16.png?1550179390", "bounding_box": {"width": 16, "height": 16}}, "thumb": {"url": "https://assets.genius.com/images/default_avatar_32.png?1550179390", "bounding_box": {"width": 32, "height": 32}}, "small": {"url": "https://assets.genius.com/images/default_avatar_100.png?1550179390", "bounding_box": {"width": 100, "height": 100}}, "medium": {"url": "https://assets.genius.com/images/default_avatar_300.png?1550179390", "bounding_box": {"width": 300, "height": 400}}}, "header_image_url": "https://assets.genius.com/images/default_avatar_300.png?1550179390", "human_readable_role_for_display": null, "id": 1066684, "iq": 207, "login": "xKetx", "name": "xKetx", "role_for_display": null, "url": "https://genius.com/xKetx", "current_user_metadata": {"permissions": [], "excluded_permissions": ["follow"], "interactions": {"following": false}, "features": []}}}], "cosigned_by": [], "rejection_comment": null, "verified_by": null}]}, "featured_artists": [], "lyrics_marked_complete_by": null, "media": [{"provider": "youtube", "start": 0, "type": "video", "url": "http://www.youtube.com/watch?v=K-wtmXtp03U"}], "primary_artist": {"api_path": "/artists/126080", "header_image_url": "https://assets.genius.com/images/default_avatar_300.png?1550179390", "id": 126080, "image_url": "https://assets.genius.com/images/default_avatar_300.png?1550179390", "is_meme_verified": false, "is_verified": false, "name": "Telus", "url": "https://genius.com/artists/Telus"}, "producer_artists": [{"api_path": "/artists/1031714", "header_image_url": "https://images.genius.com/554e85c2ff1c1058a9ba7ffe88442bf9.500x500x1.jpg", "id": 1031714, "image_url": "https://images.genius.com/554e85c2ff1c1058a9ba7ffe88442bf9.500x500x1.jpg", "is_meme_verified": false, "is_verified": false, "name": "The North Virus", "url": "https://genius.com/artists/The-north-virus"}], "song_relationships": [{"type": "samples", "songs": []}, {"type": "sampled_in", "songs": []}, {"type": "interpolates", "songs": []}, {"type": "interpolated_by", "songs": []}, {"type": "cover_of", "songs": []}, {"type": "covered_by", "songs": []}, {"type": "remix_of", "songs": []}, {"type": "remixed_by", "songs": []}, {"type": "live_version_of", "songs": []}, {"type": "performed_live_as", "songs": []}], "verified_annotations_by": [], "verified_contributors": [], "verified_lyrics_by": [], "writer_artists": [], "lyrics": "J'suis dirt j'suis dirt j'suis dirt j'suis dirt j'suis dirt j'suis dirt\nJ'suis dirt j'suis dirt j'suis dirt\nJ'viens du nord tu fuck t'es mort\nJ'suis dirt j'suis dirt j'suis dirt j'suis dirt j'suis dirt j'suis dirt\nJ'viens du nord tu fuck t'es mort\nJ'suis dirt jsuis dirt j'suis dirt\n\nMes negs aiment l'action, on prend pas d'pression\nFait attention on aime les outils longs\nFuck negro on t'fend, fuck negro tu prends\nJaime pas les braikais j'les light comme des briquets\nMon style est trop frais, pour ca negro tu m'hais\nFait ton fuck\u00e9 pis a jamais jte tais, tu sais negro tes fait\nCaca sur toi t'as fait\nTa fait mes negs nord tes frais rouge ou bleu tu prends pareil\n\nJ'te lagg tete sekel, boulet dans ton fiel\nJ'suis sale j'suis sale, j'viens du nord c'est normal\nViens mtrouver dans l'aile pascale, viens m'trouver a Beri-uquam rapidement\nJ'passe ma came, rapidement j'flippe mes grammes, j'flippe j'flippe j'flippe j'flippe\nPis jparle pas dchanger d'gang, tes dla vermine pas lchoix foit j'telimine\nBoulet dans ton cul j'te fais chanter comme C\u00e9line\n\nJ'suis dirt j'suis dirt j'suis dirt j'suis dirt j'suis dirt j'suis dirt\nJ'suis dirt j'suis dirt j'suis dirt\nJ'viens du nord tu fuck t'es mort\nJ'suis dirt j'suis dirt j'suis dirt j'suis dirt j'suis dirt j'suis dirt\nJ'viens du nord tu fuck t'es mort\nJ'suis dirt jsuis dirt j'suis dirt\n\n\nVEGGG SUR RYDER MONCHAI"}}, {"title": "Sousa (Sur \u00e7a)", "album": null, "year": "2014-04-27", "lyrics": "Intro\nTelus, Telus, sa kap fet my nigga Dice\nMy Nord $ale niggas\nNord $ale, Telus, Telus, paw paw !\n\nRefrain (x2)\nJe garde la t\u00eate chaude\nM\u00eame si j'suis un gars froid\nJ'suis un genre de fauve\nPis toi t'es ma proie\nSousa j'suis sousa\nSousa j'suis sousa\nLe 45 mon gars, il fait des gros d\u00e9gats !\n\nCouplet 1\nTes negs sont pas down\nEt \u00e7a tu l'as su\nT'as fuck avec Telus\nPis t'as \u00e9t\u00e9 d\u00e9\u00e7u\nViens m'trouver dans le nord (Nord $ale)\nQuartier sans issues\nO\u00f9 tous mes negs t'endorment\nJuste pour \u00eatre connus\nTes negs c'est des acteurs les miens c'est des traqueurs\nTu fuck ? Il n'y a pas de talleur\nPlus de bruit qu'un haut-parleur\n(Pa-pa-pa-pa!)\nDice, my negro parleur\n(Na-na-na-na)\nOn parle pas on drill\nFuck around on t'kill\nTous mes negs ont du skill\nSo c'est normal qu'on score\nTu frappes, t'es mort\nDis bonjour au Nord\nLe 45 sur toi, il fait des gros d\u00e9gats\nTelus aime l'action, mais \u00e7a tu l'sais d\u00e9j\u00e0\nTu m'dis que j'vais prendre des balles\nArr\u00eate ton plagiat\nTu m'dis que j'vais prendre des balles\nArr\u00eate ton plagiat\n\nRefrain (x2)\nJe garde la t\u00eate chaude\nM\u00eame si j'suis un gars froid\nJ'suis un genre de fauve\nPis toi t'es ma proie\nSousa j'suis sousa\nSousa j'suis sousa\nLe 45 mon gars, il fait des gros d\u00e9gats !\n\n(D\u00e9dicace au Plateau #92i)", "image": "https://assets.genius.com/images/default_cover_image.png?1550179390", "artist": "Telus", "raw": {"annotation_count": 18, "api_path": "/songs/415505", "apple_music_id": null, "apple_music_player_url": "https://genius.com/songs/415505/apple_music_player", "description": {"plain": "?"}, "embed_content": "<div id='rg_embed_link_415505' class='rg_embed_link' data-song-id='415505'>Read <a href='https://genius.com/Telus-sousa-sur-ca-lyrics'>\u201cSousa (Sur \u00e7a)\u201d by Telus</a> on Genius</div> <script crossorigin src='//genius.com/songs/415505/embed.js'></script>", "featured_video": false, "full_title": "Sousa (Sur \u00e7a) by\u00a0Telus", "header_image_thumbnail_url": "https://assets.genius.com/images/default_cover_image.png?1550179390", "header_image_url": "https://assets.genius.com/images/default_cover_image.png?1550179390", "id": 415505, "lyrics_owner_id": 390127, "lyrics_state": "complete", "path": "/Telus-sousa-sur-ca-lyrics", "pyongs_count": null, "recording_location": null, "release_date": "2014-04-27", "song_art_image_thumbnail_url": "https://assets.genius.com/images/default_cover_image.png?1550179390", "song_art_image_url": "https://assets.genius.com/images/default_cover_image.png?1550179390", "stats": {"accepted_annotations": 1, "contributors": 6, "hot": false, "iq_earners": 6, "transcribers": 1, "unreviewed_annotations": 17, "verified_annotations": 0}, "title": "Sousa (Sur \u00e7a)", "title_with_featured": "Sousa (Sur \u00e7a)", "url": "https://genius.com/Telus-sousa-sur-ca-lyrics", "current_user_metadata": {"permissions": ["view_apple_music_player", "create_comment", "view_song_story_gallery"], "excluded_permissions": ["follow", "award_transcription_iq", "remove_transcription_iq", "see_pageviews", "pyong", "edit_lyrics", "view_annotation_engagement_data", "publish", "unpublish", "edit_spotify_details", "hide", "unhide", "toggle_featured_video", "add_pinned_annotation_to", "add_community_annotation_to", "destroy", "mark_as_not_spam", "edit_spotify_annotations_for", "verify_lyrics", "unverify_lyrics", "edit_anything", "edit_any_media", "edit", "rename", "edit_tags", "watch_fact_track", "reindex", "view_lyrics_synchronization", "enable_media", "disable_media", "edit_lyrics_or_annotation_brackets", "see_editorial_indicators", "view_attribution_visualization", "edit_annotation_brackets", "preview_lyrics_for_export", "hide_apple_player", "unhide_apple_player", "trigger_apple_match", "mark_lyrics_evaluation_as_approved", "mark_lyrics_evaluation_as_staff_approved", "mark_lyrics_evaluation_as_unapproved", "mark_lyrics_evaluation_as_un_staff_approved", "view_transcriber_media_player", "override_apple_match", "edit_youtube_url", "edit_soundcloud_url", "edit_spotify_uuid", "edit_vevo_url", "moderate_annotations", "create_annotation", "see_short_id", "manage_chart_item", "create_tag", "propose_lyrics_edit", "moderate_lyrics_edit_proposals"], "interactions": {"pyong": false, "following": false}, "relationships": {}, "iq_by_action": {}}, "album": null, "custom_performances": [], "description_annotation": {"_type": "referent", "annotator_id": 390127, "annotator_login": "plateaupapi", "api_path": "/referents/3620263", "classification": "needs_exegesis", "fragment": "Sousa (Sur \u00e7a)", "id": 3620263, "is_description": true, "path": "/3620263/Telus-sousa-sur-ca/Sousa-sur-ca", "range": {"content": "Sousa (Sur \u00e7a)"}, "song_id": 415505, "url": "https://genius.com/3620263/Telus-sousa-sur-ca/Sousa-sur-ca", "verified_annotator_ids": [], "annotatable": {"api_path": "/songs/415505", "client_timestamps": {"updated_by_human_at": 1517941198, "lyrics_updated_at": 1517941198}, "context": "Telus", "id": 415505, "image_url": "https://assets.genius.com/images/default_cover_image.png?1550179390", "link_title": "Sousa (Sur \u00e7a) by\u00a0Telus", "title": "Sousa (Sur \u00e7a)", "type": "Song", "url": "https://genius.com/Telus-sousa-sur-ca-lyrics"}, "annotations": [{"api_path": "/annotations/3620263", "body": {"plain": ""}, "comment_count": 0, "community": true, "custom_preview": null, "has_voters": false, "id": 3620263, "pinned": false, "share_url": "https://genius.com/3620263", "source": null, "state": "needs_exegesis", "url": "https://genius.com/3620263/Telus-sousa-sur-ca/Sousa-sur-ca", "verified": false, "votes_total": 0, "current_user_metadata": {"permissions": [], "excluded_permissions": ["vote", "edit", "cosign", "uncosign", "destroy", "accept", "reject", "see_unreviewed", "clear_votes", "propose_edit_to", "pin_to_profile", "unpin_from_profile", "update_source", "edit_custom_preview", "create_comment"], "interactions": {"cosign": false, "pyong": false, "vote": null}, "iq_by_action": {}}, "authors": [{"attribution": 1.0, "pinned_role": null, "user": {"api_path": "/users/390127", "avatar": {"tiny": {"url": "https://images.rapgenius.com/avatars/tiny/0a1ecf34193940e2d5a3730c7b1aea18", "bounding_box": {"width": 16, "height": 16}}, "thumb": {"url": "https://images.rapgenius.com/avatars/thumb/0a1ecf34193940e2d5a3730c7b1aea18", "bounding_box": {"width": 32, "height": 32}}, "small": {"url": "https://images.rapgenius.com/avatars/small/0a1ecf34193940e2d5a3730c7b1aea18", "bounding_box": {"width": 100, "height": 100}}, "medium": {"url": "https://images.rapgenius.com/avatars/medium/0a1ecf34193940e2d5a3730c7b1aea18", "bounding_box": {"width": 300, "height": 400}}}, "header_image_url": "https://images.rapgenius.com/avatars/medium/0a1ecf34193940e2d5a3730c7b1aea18", "human_readable_role_for_display": null, "id": 390127, "iq": 296, "login": "plateaupapi", "name": "plateaupapi", "role_for_display": null, "url": "https://genius.com/plateaupapi", "current_user_metadata": {"permissions": [], "excluded_permissions": ["follow"], "interactions": {"following": false}, "features": []}}}], "cosigned_by": [], "rejection_comment": null, "verified_by": null}]}, "featured_artists": [], "lyrics_marked_complete_by": null, "media": [{"provider": "youtube", "start": 0, "type": "video", "url": "http://www.youtube.com/watch?v=gj_HngZT6L0"}], "primary_artist": {"api_path": "/artists/126080", "header_image_url": "https://assets.genius.com/images/default_avatar_300.png?1550179390", "id": 126080, "image_url": "https://assets.genius.com/images/default_avatar_300.png?1550179390", "is_meme_verified": false, "is_verified": false, "name": "Telus", "url": "https://genius.com/artists/Telus"}, "producer_artists": [{"api_path": "/artists/1190956", "header_image_url": "https://assets.genius.com/images/default_avatar_300.png?1550179390", "id": 1190956, "image_url": "https://assets.genius.com/images/default_avatar_300.png?1550179390", "is_meme_verified": false, "is_verified": false, "name": "Dice (Mexico)", "url": "https://genius.com/artists/Dice-mexico"}], "song_relationships": [{"type": "samples", "songs": []}, {"type": "sampled_in", "songs": []}, {"type": "interpolates", "songs": []}, {"type": "interpolated_by", "songs": []}, {"type": "cover_of", "songs": []}, {"type": "covered_by", "songs": []}, {"type": "remix_of", "songs": []}, {"type": "remixed_by", "songs": []}, {"type": "live_version_of", "songs": []}, {"type": "performed_live_as", "songs": []}], "verified_annotations_by": [], "verified_contributors": [], "verified_lyrics_by": [], "writer_artists": [], "lyrics": "Intro\nTelus, Telus, sa kap fet my nigga Dice\nMy Nord $ale niggas\nNord $ale, Telus, Telus, paw paw !\n\nRefrain (x2)\nJe garde la t\u00eate chaude\nM\u00eame si j'suis un gars froid\nJ'suis un genre de fauve\nPis toi t'es ma proie\nSousa j'suis sousa\nSousa j'suis sousa\nLe 45 mon gars, il fait des gros d\u00e9gats !\n\nCouplet 1\nTes negs sont pas down\nEt \u00e7a tu l'as su\nT'as fuck avec Telus\nPis t'as \u00e9t\u00e9 d\u00e9\u00e7u\nViens m'trouver dans le nord (Nord $ale)\nQuartier sans issues\nO\u00f9 tous mes negs t'endorment\nJuste pour \u00eatre connus\nTes negs c'est des acteurs les miens c'est des traqueurs\nTu fuck ? Il n'y a pas de talleur\nPlus de bruit qu'un haut-parleur\n(Pa-pa-pa-pa!)\nDice, my negro parleur\n(Na-na-na-na)\nOn parle pas on drill\nFuck around on t'kill\nTous mes negs ont du skill\nSo c'est normal qu'on score\nTu frappes, t'es mort\nDis bonjour au Nord\nLe 45 sur toi, il fait des gros d\u00e9gats\nTelus aime l'action, mais \u00e7a tu l'sais d\u00e9j\u00e0\nTu m'dis que j'vais prendre des balles\nArr\u00eate ton plagiat\nTu m'dis que j'vais prendre des balles\nArr\u00eate ton plagiat\n\nRefrain (x2)\nJe garde la t\u00eate chaude\nM\u00eame si j'suis un gars froid\nJ'suis un genre de fauve\nPis toi t'es ma proie\nSousa j'suis sousa\nSousa j'suis sousa\nLe 45 mon gars, il fait des gros d\u00e9gats !\n\n(D\u00e9dicace au Plateau #92i)"}}, {"title": "Tu vas prendre des balles", "album": null, "year": "2013-12-06", "lyrics": "[Refrain: Telus]\nTu vas prendre des balles\nTu vas prendre des balles\nTu vas prendre des balles\nTu vas prendre des balles\nTu vas prendre des balles\nTu vas prendre des balles\n\nTu vas prendre des balles\nTu vas prendre des balles\nTu vas prendre des balles\n\nNord-flex on flex, mets la o\u00f9 \u00e7a fait mal !\n\nTu vas prendre des balles\nTu vas prendre des balles\nTu vas prendre des balles\n\nTu vas prendre des balles\nTu vas prendre des balles\nTu vas prendre des balles\n\nTu vas prendre des balles\nTu vas prendre des balles\nTu vas prendre des balles\n\nNord-flex on flex, mets-la o\u00f9 \u00e7a fait mal !\n\n[Couplet 1 : Telus]\nQuand je vais te voir, il n'y aura pas de sa ka fet\nMais tu vas plut\u00f4t voir, sa ka fet !\nTellement de soufflets tu vas en perdre ta casquette\nT'es pas un homme, mais plut\u00f4t, une petite tapette !\nTu sais qu'elle t'as roul\u00e9, pis t'as rien fait\nUne bitch t'as vol\u00e9, pis t'as rien fait !\nTu vas prendre du beef avec moi, t'es pas pr\u00eat\nDonne moi ton adresse pis j'd\u00e9barque dans ton trou\nTu vas voir des trous, j'vais foutre, tout partout !\nC'est Telus sur le beat man\nQuand je vais te voir c'est sur j'avais te beat, man !\nTel au soccer, ton ass, j'le kick man\nT'es un pussy, t'es faible, t'as pas de graine\nSo sur ce track bitch, j'te malm\u00e8ne\nJe ne vais pas l\u00e9cher ta moiti\u00e9, mais toujours plein\nS'il y a du beef, je reste, toujours graine plein!\n\n[Refrain: Telus]\nTu vas prendre des balles\nTu vas prendre des balles\nTu vas prendre des balles\n\nTu vas prendre des balles\nTu vas prendre des balles\nTu vas prendre des balles\n\nTu vas prendre des balles\nTu vas prendre des balles\nTu vas prendre des balles\n\nNord-flex on flex, mets la o\u00f9 \u00e7a fait mal !\n\nTu vas prendre des balles\nTu vas prendre des balles\nTu vas prendre des balles\n\nTu vas prendre des balles\nTu vas prendre des balles\nTu vas prendre des balles\n\nTu vas prendre des balles\nTu vas prendre des balles\nTu vas prendre des balles\n\nNord-flex on flex, mets-la o\u00f9 \u00e7a fait mal !\n\n[outro: Telus]\nYaaaah, Montr\u00e9al-Nord, Telus\nYo tu sais d\u00e9j\u00e0 comment \u00e7a se passe, pussywhole\nT'es mieux d'rester \u00e0 Qu\u00e9bec\nReste dans ton trou, pussy\nYo [?] Montr\u00e9al, Montr\u00e9al-Nord, Telus\nPow !", "image": "https://assets.genius.com/images/default_cover_image.png?1550179390", "artist": "Telus", "raw": {"annotation_count": 12, "api_path": "/songs/330384", "apple_music_id": null, "apple_music_player_url": "https://genius.com/songs/330384/apple_music_player", "description": {"plain": "Couplant la virtuosit\u00e9 en mati\u00e8re de clip de rap et des versets recherch\u00e9s, regorgeant de sous-entendus, Tu vas Prendre des Balles est un incontournable du folklore nord-montr\u00e9alais. Toutefois, il se peut que ce soit seulement apr\u00e8s moult \u00e9coutes que vous pourrez assimiler l'essence que d\u00e9gage un tel morceau."}, "embed_content": "<div id='rg_embed_link_330384' class='rg_embed_link' data-song-id='330384'>Read <a href='https://genius.com/Telus-tu-vas-prendre-des-balles-lyrics'>\u201cTu vas prendre des balles\u201d by Telus</a> on Genius</div> <script crossorigin src='//genius.com/songs/330384/embed.js'></script>", "featured_video": false, "full_title": "Tu vas prendre des balles by\u00a0Telus", "header_image_thumbnail_url": "https://assets.genius.com/images/default_cover_image.png?1550179390", "header_image_url": "https://assets.genius.com/images/default_cover_image.png?1550179390", "id": 330384, "lyrics_owner_id": 390127, "lyrics_state": "complete", "path": "/Telus-tu-vas-prendre-des-balles-lyrics", "pyongs_count": 3, "recording_location": null, "release_date": "2013-12-06", "song_art_image_thumbnail_url": "https://assets.genius.com/images/default_cover_image.png?1550179390", "song_art_image_url": "https://assets.genius.com/images/default_cover_image.png?1550179390", "stats": {"accepted_annotations": 0, "contributors": 4, "hot": false, "iq_earners": 4, "transcribers": 1, "unreviewed_annotations": 11, "verified_annotations": 0}, "title": "Tu vas prendre des balles", "title_with_featured": "Tu vas prendre des balles", "url": "https://genius.com/Telus-tu-vas-prendre-des-balles-lyrics", "current_user_metadata": {"permissions": ["view_apple_music_player", "create_comment", "view_song_story_gallery"], "excluded_permissions": ["follow", "award_transcription_iq", "remove_transcription_iq", "see_pageviews", "pyong", "edit_lyrics", "view_annotation_engagement_data", "publish", "unpublish", "edit_spotify_details", "hide", "unhide", "toggle_featured_video", "add_pinned_annotation_to", "add_community_annotation_to", "destroy", "mark_as_not_spam", "edit_spotify_annotations_for", "verify_lyrics", "unverify_lyrics", "edit_anything", "edit_any_media", "edit", "rename", "edit_tags", "watch_fact_track", "reindex", "view_lyrics_synchronization", "enable_media", "disable_media", "edit_lyrics_or_annotation_brackets", "see_editorial_indicators", "view_attribution_visualization", "edit_annotation_brackets", "preview_lyrics_for_export", "hide_apple_player", "unhide_apple_player", "trigger_apple_match", "mark_lyrics_evaluation_as_approved", "mark_lyrics_evaluation_as_staff_approved", "mark_lyrics_evaluation_as_unapproved", "mark_lyrics_evaluation_as_un_staff_approved", "view_transcriber_media_player", "override_apple_match", "edit_youtube_url", "edit_soundcloud_url", "edit_spotify_uuid", "edit_vevo_url", "moderate_annotations", "create_annotation", "see_short_id", "manage_chart_item", "create_tag", "propose_lyrics_edit", "moderate_lyrics_edit_proposals"], "interactions": {"pyong": false, "following": false}, "relationships": {}, "iq_by_action": {}}, "album": null, "custom_performances": [], "description_annotation": {"_type": "referent", "annotator_id": 610163, "annotator_login": "bobby197", "api_path": "/referents/3829817", "classification": "accepted", "fragment": "Tu vas prendre des balles", "id": 3829817, "is_description": true, "path": "/3829817/Telus-tu-vas-prendre-des-balles/Tu-vas-prendre-des-balles", "range": {"content": "Tu vas prendre des balles"}, "song_id": 330384, "url": "https://genius.com/3829817/Telus-tu-vas-prendre-des-balles/Tu-vas-prendre-des-balles", "verified_annotator_ids": [], "annotatable": {"api_path": "/songs/330384", "client_timestamps": {"updated_by_human_at": 1409446501, "lyrics_updated_at": 1409446501}, "context": "Telus", "id": 330384, "image_url": "https://assets.genius.com/images/default_cover_image.png?1550179390", "link_title": "Tu vas prendre des balles by\u00a0Telus", "title": "Tu vas prendre des balles", "type": "Song", "url": "https://genius.com/Telus-tu-vas-prendre-des-balles-lyrics"}, "annotations": [{"api_path": "/annotations/3829817", "body": {"plain": "Couplant la virtuosit\u00e9 en mati\u00e8re de clip de rap et des versets recherch\u00e9s, regorgeant de sous-entendus, Tu vas Prendre des Balles est un incontournable du folklore nord-montr\u00e9alais. Toutefois, il se peut que ce soit seulement apr\u00e8s moult \u00e9coutes que vous pourrez assimiler l'essence que d\u00e9gage un tel morceau."}, "comment_count": 0, "community": true, "custom_preview": null, "has_voters": false, "id": 3829817, "pinned": false, "share_url": "https://genius.com/3829817", "source": null, "state": "accepted", "url": "https://genius.com/3829817/Telus-tu-vas-prendre-des-balles/Tu-vas-prendre-des-balles", "verified": false, "votes_total": 0, "current_user_metadata": {"permissions": ["create_comment"], "excluded_permissions": ["vote", "edit", "cosign", "uncosign", "destroy", "accept", "reject", "see_unreviewed", "clear_votes", "propose_edit_to", "pin_to_profile", "unpin_from_profile", "update_source", "edit_custom_preview"], "interactions": {"cosign": false, "pyong": false, "vote": null}, "iq_by_action": {}}, "authors": [{"attribution": 1.0, "pinned_role": null, "user": {"api_path": "/users/610163", "avatar": {"tiny": {"url": "https://assets.genius.com/images/default_avatar_16.png?1550179390", "bounding_box": {"width": 16, "height": 16}}, "thumb": {"url": "https://assets.genius.com/images/default_avatar_32.png?1550179390", "bounding_box": {"width": 32, "height": 32}}, "small": {"url": "https://assets.genius.com/images/default_avatar_100.png?1550179390", "bounding_box": {"width": 100, "height": 100}}, "medium": {"url": "https://assets.genius.com/images/default_avatar_300.png?1550179390", "bounding_box": {"width": 300, "height": 400}}}, "header_image_url": "https://assets.genius.com/images/default_avatar_300.png?1550179390", "human_readable_role_for_display": null, "id": 610163, "iq": 12, "login": "bobby197", "name": "bobby197", "role_for_display": null, "url": "https://genius.com/bobby197", "current_user_metadata": {"permissions": [], "excluded_permissions": ["follow"], "interactions": {"following": false}, "features": []}}}], "cosigned_by": [], "rejection_comment": null, "verified_by": null}]}, "featured_artists": [], "lyrics_marked_complete_by": null, "media": [], "primary_artist": {"api_path": "/artists/126080", "header_image_url": "https://assets.genius.com/images/default_avatar_300.png?1550179390", "id": 126080, "image_url": "https://assets.genius.com/images/default_avatar_300.png?1550179390", "is_meme_verified": false, "is_verified": false, "name": "Telus", "url": "https://genius.com/artists/Telus"}, "producer_artists": [], "song_relationships": [{"type": "samples", "songs": []}, {"type": "sampled_in", "songs": []}, {"type": "interpolates", "songs": []}, {"type": "interpolated_by", "songs": []}, {"type": "cover_of", "songs": []}, {"type": "covered_by", "songs": []}, {"type": "remix_of", "songs": []}, {"type": "remixed_by", "songs": []}, {"type": "live_version_of", "songs": []}, {"type": "performed_live_as", "songs": []}], "verified_annotations_by": [], "verified_contributors": [], "verified_lyrics_by": [], "writer_artists": [], "lyrics": "[Refrain: Telus]\nTu vas prendre des balles\nTu vas prendre des balles\nTu vas prendre des balles\nTu vas prendre des balles\nTu vas prendre des balles\nTu vas prendre des balles\n\nTu vas prendre des balles\nTu vas prendre des balles\nTu vas prendre des balles\n\nNord-flex on flex, mets la o\u00f9 \u00e7a fait mal !\n\nTu vas prendre des balles\nTu vas prendre des balles\nTu vas prendre des balles\n\nTu vas prendre des balles\nTu vas prendre des balles\nTu vas prendre des balles\n\nTu vas prendre des balles\nTu vas prendre des balles\nTu vas prendre des balles\n\nNord-flex on flex, mets-la o\u00f9 \u00e7a fait mal !\n\n[Couplet 1 : Telus]\nQuand je vais te voir, il n'y aura pas de sa ka fet\nMais tu vas plut\u00f4t voir, sa ka fet !\nTellement de soufflets tu vas en perdre ta casquette\nT'es pas un homme, mais plut\u00f4t, une petite tapette !\nTu sais qu'elle t'as roul\u00e9, pis t'as rien fait\nUne bitch t'as vol\u00e9, pis t'as rien fait !\nTu vas prendre du beef avec moi, t'es pas pr\u00eat\nDonne moi ton adresse pis j'd\u00e9barque dans ton trou\nTu vas voir des trous, j'vais foutre, tout partout !\nC'est Telus sur le beat man\nQuand je vais te voir c'est sur j'avais te beat, man !\nTel au soccer, ton ass, j'le kick man\nT'es un pussy, t'es faible, t'as pas de graine\nSo sur ce track bitch, j'te malm\u00e8ne\nJe ne vais pas l\u00e9cher ta moiti\u00e9, mais toujours plein\nS'il y a du beef, je reste, toujours graine plein!\n\n[Refrain: Telus]\nTu vas prendre des balles\nTu vas prendre des balles\nTu vas prendre des balles\n\nTu vas prendre des balles\nTu vas prendre des balles\nTu vas prendre des balles\n\nTu vas prendre des balles\nTu vas prendre des balles\nTu vas prendre des balles\n\nNord-flex on flex, mets la o\u00f9 \u00e7a fait mal !\n\nTu vas prendre des balles\nTu vas prendre des balles\nTu vas prendre des balles\n\nTu vas prendre des balles\nTu vas prendre des balles\nTu vas prendre des balles\n\nTu vas prendre des balles\nTu vas prendre des balles\nTu vas prendre des balles\n\nNord-flex on flex, mets-la o\u00f9 \u00e7a fait mal !\n\n[outro: Telus]\nYaaaah, Montr\u00e9al-Nord, Telus\nYo tu sais d\u00e9j\u00e0 comment \u00e7a se passe, pussywhole\nT'es mieux d'rester \u00e0 Qu\u00e9bec\nReste dans ton trou, pussy\nYo [?] Montr\u00e9al, Montr\u00e9al-Nord, Telus\nPow !"}}], "artist": "Telus"}