{"songs": [{"title": "#DTVR", "album": "L\u00e9gitime", "year": "2015-01-01", "lyrics": "[Couplet 1]\nS comme Sarahm\u00e9e...S4 ma gueule\nFlow reptilien! Alligator\nSushi-sak\u00e9, arigato!\nT'sais pas nager? J'te jette \u00e0 l'eau\nGros t'as pas pied faut l'dire plus t\u00f4t\nEnl\u00e8ve le maillot Balotelli\nPas de facho dans mon \u00e9quipe\nPinocchio pour lire ton avenir\nJ'regarde juste ton pif s'agrandir\nJ'suis morte de rire, effets toxiques\nComme les substances qu'ils te vendent illicites\nT'as pas de bitch! Elle est fictive\nComme toutes tes histoires concernant la street\nGuerre des \u00e9toiles je suis ton p\u00e8re\nTout c'que je gagne tu le perds\nChaise musicale j'suis le maitre\nJ'les r\u00e9veilles ou j'les enterre\nDe l'endurance dans les art\u00e8res\nTu fais des tweets j'fais des affaires\nO\u00f9 sont les vrais, quand il le faut?\nJ'ai des carri\u00e8res \u00e0 faire t\u00e9-sau\nC'est la mis\u00e8re pourquoi tu te sauves?\nLes d\u00e9serteurs on a leur peau\n\n[Refrain]\n\nTu m'avais dans ta mire bient\u00f4t ce sera ta t\u00e9l\u00e9\nJ'ai d\u00e9j\u00e0 connu le pire j'suis pas pr\u00eate de reculer\nDes t\u00eates vont rouler rouler bang\nRouler bang rouler rouler bang\nDes t\u00eates vont rouler rouler bang\nRoul\u00e9es bang rouler bang bang\n\n[Couplet 2]\nSur C\u00e9saire renoi et fi\u00e8re\nS\u00e9n\u00e9galaise Nord-am\u00e9ricaine\nJ'viens conqu\u00e9rir la tour Eiffel\nPlier les plus forts les plus faibles\nT'as le vertige? Oublie le sommet\nT'as pas sommeil?\nOn est 6 dans le barillet\nJ'rentre dans le game comme une com\u00e8te\nTes raclis sont vraiment p\u00e9t\u00e9es\n360 veste retourn\u00e9e\nAu 1er rang au d\u00e9fil\u00e9\nAstiques mes pompes j'en ai rien \u00e0 cirer\nMa ro ro m'indique l'heure\nLe taff et le labeur\nJ'veux l'argent pas le beurre\nC'est la fin de ton quart d'heure\nJ'produis j'conduis j'livre\nJ'fais le taff j'fais les chiffres\nJ'veux la life loin d'ici\nTous les soirs j'veux la vivre\nYass bitch yass\nL'album arrive \u00e7a va faire mal\nYass bitch yass\nT'as rien a dire tu vas prendre pour toi\n\n[Refrain x2]", "image": "https://images.genius.com/76389ff16338591bc0de8fcb57961f77.958x958x1.jpg", "artist": "Sarahme\u0301e", "raw": {"annotation_count": 2, "api_path": "/songs/4263116", "apple_music_id": "1040999358", "apple_music_player_url": "https://genius.com/songs/4263116/apple_music_player", "description": {"plain": "?"}, "embed_content": "<div id='rg_embed_link_4263116' class='rg_embed_link' data-song-id='4263116'>Read <a href='https://genius.com/Sarahmee-dtvr-lyrics'>\u201c#DTVR\u201d by Sarahme\u0301e</a> on Genius</div> <script crossorigin src='//genius.com/songs/4263116/embed.js'></script>", "featured_video": false, "full_title": "#DTVR by\u00a0Sarahme\u0301e", "header_image_thumbnail_url": "https://images.genius.com/76389ff16338591bc0de8fcb57961f77.300x300x1.jpg", "header_image_url": "https://images.genius.com/76389ff16338591bc0de8fcb57961f77.958x958x1.jpg", "id": 4263116, "lyrics_owner_id": 7803198, "lyrics_state": "complete", "path": "/Sarahmee-dtvr-lyrics", "pyongs_count": null, "recording_location": null, "release_date": "2015-01-01", "song_art_image_thumbnail_url": "https://images.genius.com/76389ff16338591bc0de8fcb57961f77.300x300x1.jpg", "song_art_image_url": "https://images.genius.com/76389ff16338591bc0de8fcb57961f77.958x958x1.jpg", "stats": {"accepted_annotations": 0, "contributors": 2, "hot": false, "iq_earners": 2, "transcribers": 1, "unreviewed_annotations": 2, "verified_annotations": 0}, "title": "#DTVR", "title_with_featured": "#DTVR", "url": "https://genius.com/Sarahmee-dtvr-lyrics", "current_user_metadata": {"permissions": ["view_apple_music_player", "create_comment", "view_song_story_gallery"], "excluded_permissions": ["follow", "award_transcription_iq", "remove_transcription_iq", "see_pageviews", "pyong", "edit_lyrics", "view_annotation_engagement_data", "publish", "unpublish", "edit_spotify_details", "hide", "unhide", "toggle_featured_video", "add_pinned_annotation_to", "add_community_annotation_to", "destroy", "mark_as_not_spam", "edit_spotify_annotations_for", "verify_lyrics", "unverify_lyrics", "edit_anything", "edit_any_media", "edit", "rename", "edit_tags", "watch_fact_track", "reindex", "view_lyrics_synchronization", "enable_media", "disable_media", "edit_lyrics_or_annotation_brackets", "see_editorial_indicators", "view_attribution_visualization", "edit_annotation_brackets", "preview_lyrics_for_export", "hide_apple_player", "unhide_apple_player", "trigger_apple_match", "mark_lyrics_evaluation_as_approved", "mark_lyrics_evaluation_as_staff_approved", "mark_lyrics_evaluation_as_unapproved", "mark_lyrics_evaluation_as_un_staff_approved", "view_transcriber_media_player", "override_apple_match", "edit_youtube_url", "edit_soundcloud_url", "edit_spotify_uuid", "edit_vevo_url", "moderate_annotations", "create_annotation", "see_short_id", "manage_chart_item", "create_tag", "propose_lyrics_edit", "moderate_lyrics_edit_proposals"], "interactions": {"pyong": false, "following": false}, "relationships": {}, "iq_by_action": {}}, "album": {"api_path": "/albums/499210", "cover_art_url": "https://images.genius.com/76389ff16338591bc0de8fcb57961f77.958x958x1.jpg", "full_title": "L\u00e9gitime by Sarahme\u0301e", "id": 499210, "name": "L\u00e9gitime", "url": "https://genius.com/albums/Sarahmee/Legitime", "artist": {"api_path": "/artists/161758", "header_image_url": "https://images.genius.com/a7a2e0afd5530418dfe636985e59712c.691x691x1.jpg", "id": 161758, "image_url": "https://images.genius.com/a7a2e0afd5530418dfe636985e59712c.691x691x1.jpg", "is_meme_verified": false, "is_verified": false, "name": "Sarahme\u0301e", "url": "https://genius.com/artists/Sarahmee"}}, "custom_performances": [], "description_annotation": {"_type": "referent", "annotator_id": 7803198, "annotator_login": "musical_eq", "api_path": "/referents/16351859", "classification": "needs_exegesis", "fragment": "#DTVR", "id": 16351859, "is_description": true, "path": "/16351859/Sarahmee-dtvr/Dtvr", "range": {"content": "#DTVR"}, "song_id": 4263116, "url": "https://genius.com/16351859/Sarahmee-dtvr/Dtvr", "verified_annotator_ids": [], "annotatable": {"api_path": "/songs/4263116", "client_timestamps": {"updated_by_human_at": 1548604064, "lyrics_updated_at": 1548603610}, "context": "Sarahme\u0301e", "id": 4263116, "image_url": "https://images.genius.com/76389ff16338591bc0de8fcb57961f77.958x958x1.jpg", "link_title": "#DTVR by\u00a0Sarahme\u0301e", "title": "#DTVR", "type": "Song", "url": "https://genius.com/Sarahmee-dtvr-lyrics"}, "annotations": [{"api_path": "/annotations/16351859", "body": {"plain": ""}, "comment_count": 0, "community": true, "custom_preview": null, "has_voters": false, "id": 16351859, "pinned": false, "share_url": "https://genius.com/16351859", "source": null, "state": "needs_exegesis", "url": "https://genius.com/16351859/Sarahmee-dtvr/Dtvr", "verified": false, "votes_total": 0, "current_user_metadata": {"permissions": [], "excluded_permissions": ["vote", "edit", "cosign", "uncosign", "destroy", "accept", "reject", "see_unreviewed", "clear_votes", "propose_edit_to", "pin_to_profile", "unpin_from_profile", "update_source", "edit_custom_preview", "create_comment"], "interactions": {"cosign": false, "pyong": false, "vote": null}, "iq_by_action": {}}, "authors": [{"attribution": 1.0, "pinned_role": null, "user": {"api_path": "/users/7803198", "avatar": {"tiny": {"url": "https://s3.amazonaws.com/filepicker-images-rapgenius/ldwrc41dkzp", "bounding_box": {"width": 16, "height": 16}}, "thumb": {"url": "https://s3.amazonaws.com/filepicker-images-rapgenius/ldwrc41dkzp", "bounding_box": {"width": 32, "height": 32}}, "small": {"url": "https://s3.amazonaws.com/filepicker-images-rapgenius/ldwrc41dkzp", "bounding_box": {"width": 100, "height": 100}}, "medium": {"url": "https://s3.amazonaws.com/filepicker-images-rapgenius/ldwrc41dkzp", "bounding_box": {"width": 300, "height": 400}}}, "header_image_url": "https://s3.amazonaws.com/filepicker-images-rapgenius/e5bwwr4cnw", "human_readable_role_for_display": "Contributor", "id": 7803198, "iq": 468, "login": "musical_eq", "name": "musical_eq", "role_for_display": "contributor", "url": "https://genius.com/musical_eq", "current_user_metadata": {"permissions": [], "excluded_permissions": ["follow"], "interactions": {"following": false}, "features": []}}}], "cosigned_by": [], "rejection_comment": null, "verified_by": null}]}, "featured_artists": [], "lyrics_marked_complete_by": null, "media": [{"provider": "youtube", "start": 0, "type": "video", "url": "http://www.youtube.com/watch?v=_UV3H_JwM0A"}], "primary_artist": {"api_path": "/artists/161758", "header_image_url": "https://images.genius.com/a7a2e0afd5530418dfe636985e59712c.691x691x1.jpg", "id": 161758, "image_url": "https://images.genius.com/a7a2e0afd5530418dfe636985e59712c.691x691x1.jpg", "is_meme_verified": false, "is_verified": false, "name": "Sarahme\u0301e", "url": "https://genius.com/artists/Sarahmee"}, "producer_artists": [{"api_path": "/artists/526255", "header_image_url": "https://images.genius.com/5c0caa99b206667fb2c68c05d090dee8.495x495x1.png", "id": 526255, "image_url": "https://images.genius.com/5c0caa99b206667fb2c68c05d090dee8.495x495x1.png", "is_meme_verified": false, "is_verified": false, "name": "Kny factory", "url": "https://genius.com/artists/Kny-factory"}], "song_relationships": [{"type": "samples", "songs": []}, {"type": "sampled_in", "songs": []}, {"type": "interpolates", "songs": []}, {"type": "interpolated_by", "songs": []}, {"type": "cover_of", "songs": []}, {"type": "covered_by", "songs": []}, {"type": "remix_of", "songs": []}, {"type": "remixed_by", "songs": []}, {"type": "live_version_of", "songs": []}, {"type": "performed_live_as", "songs": []}], "verified_annotations_by": [], "verified_contributors": [], "verified_lyrics_by": [], "writer_artists": [{"api_path": "/artists/161758", "header_image_url": "https://images.genius.com/a7a2e0afd5530418dfe636985e59712c.691x691x1.jpg", "id": 161758, "image_url": "https://images.genius.com/a7a2e0afd5530418dfe636985e59712c.691x691x1.jpg", "is_meme_verified": false, "is_verified": false, "name": "Sarahme\u0301e", "url": "https://genius.com/artists/Sarahmee"}], "lyrics": "[Couplet 1]\nS comme Sarahm\u00e9e...S4 ma gueule\nFlow reptilien! Alligator\nSushi-sak\u00e9, arigato!\nT'sais pas nager? J'te jette \u00e0 l'eau\nGros t'as pas pied faut l'dire plus t\u00f4t\nEnl\u00e8ve le maillot Balotelli\nPas de facho dans mon \u00e9quipe\nPinocchio pour lire ton avenir\nJ'regarde juste ton pif s'agrandir\nJ'suis morte de rire, effets toxiques\nComme les substances qu'ils te vendent illicites\nT'as pas de bitch! Elle est fictive\nComme toutes tes histoires concernant la street\nGuerre des \u00e9toiles je suis ton p\u00e8re\nTout c'que je gagne tu le perds\nChaise musicale j'suis le maitre\nJ'les r\u00e9veilles ou j'les enterre\nDe l'endurance dans les art\u00e8res\nTu fais des tweets j'fais des affaires\nO\u00f9 sont les vrais, quand il le faut?\nJ'ai des carri\u00e8res \u00e0 faire t\u00e9-sau\nC'est la mis\u00e8re pourquoi tu te sauves?\nLes d\u00e9serteurs on a leur peau\n\n[Refrain]\n\nTu m'avais dans ta mire bient\u00f4t ce sera ta t\u00e9l\u00e9\nJ'ai d\u00e9j\u00e0 connu le pire j'suis pas pr\u00eate de reculer\nDes t\u00eates vont rouler rouler bang\nRouler bang rouler rouler bang\nDes t\u00eates vont rouler rouler bang\nRoul\u00e9es bang rouler bang bang\n\n[Couplet 2]\nSur C\u00e9saire renoi et fi\u00e8re\nS\u00e9n\u00e9galaise Nord-am\u00e9ricaine\nJ'viens conqu\u00e9rir la tour Eiffel\nPlier les plus forts les plus faibles\nT'as le vertige? Oublie le sommet\nT'as pas sommeil?\nOn est 6 dans le barillet\nJ'rentre dans le game comme une com\u00e8te\nTes raclis sont vraiment p\u00e9t\u00e9es\n360 veste retourn\u00e9e\nAu 1er rang au d\u00e9fil\u00e9\nAstiques mes pompes j'en ai rien \u00e0 cirer\nMa ro ro m'indique l'heure\nLe taff et le labeur\nJ'veux l'argent pas le beurre\nC'est la fin de ton quart d'heure\nJ'produis j'conduis j'livre\nJ'fais le taff j'fais les chiffres\nJ'veux la life loin d'ici\nTous les soirs j'veux la vivre\nYass bitch yass\nL'album arrive \u00e7a va faire mal\nYass bitch yass\nT'as rien a dire tu vas prendre pour toi\n\n[Refrain x2]"}}, {"title": "L\u00e9gitime", "album": "L\u00e9gitime", "year": "2015-01-01", "lyrics": "[Couplet 1]\nJe parle de mes proches de ma vie on some real shit\nTu fais les poches aux mamies N*** n*** deep shit\nLaisse-nous parler on a des plans tu comprendras jamais\nT'es encore d\u00e9cevant dans tes punchlines si tu la fermais\nTu t'es fan\u00e9 au fil des ann\u00e9es faut pas m'comparer\nTous ceux qui veulent nous encercler on va les contrecarrer\nT'as l'air effray\u00e9?\nTon disque est encore ray\u00e9\nPourquoi les plus mal plac\u00e9s sont les premiers \u00e0 conseiller?\nQuand j'serai au top les hypocrites seront mes amis d\u00e9sormais\nC'est toujours les m\u00eames qui parlent mais n'\u00e9taient pas l\u00e0 quand j'ramais\nJ'finirai sans coeur comme ceux qui gouvernent\nOn va prendre la place et laisser vos drapeaux en berne\nJ'd\u00e9balle que des v\u00e9rit\u00e9s I'm on some real shit\nTu fais semblant de supporter my n*** deep shit\nJ'vais tout plier au fait moi j'suis la petite de personne\nRapatrier vos rappeurs j'crois j'd\u00e9m\u00e9nage dans l'Hexagone\nAvec que dalle on fait plus t'as l'impression que j'suis sign\u00e9e\nVous g\u00e9rez pas m\u00eame avec du biff ton projet fait piti\u00e9\nRonda Rousey sur vous 14 secondes j' vous cher-cou\nJmets mon biff y a wallou\nGros tu veux rentrer dans quel coup?\nJ'ai bless\u00e9 le game j'suis dans les faits divers\nJ'incarne le soleil du bled dans le froid de l'hiver\nUne vision colossale\nDes bonhommes dans la salle\nJ'viens pour ouvrir le bal\nJ'veux autant de 0 que l'Or\u00e9al\nD'o\u00f9 j'viens la neige tombe toute l'ann\u00e9e\nPour toi y en a toujours eu sous ton nez\nPas le choix de te faire pistonner\nT'as pas de talent et tu penses cartonner\nEsprit du tier-quar on sait partager\nJ'reconnais les faux culs et les vrais j'sais les d\u00e9partager\nParait qu'ici les murs ont des oreilles\nAlors silence on fait de l'oseille\nJ'veux au moins 7 chiffres dans mon compte en banque\nQuand j'vais sortir de l'anonymat, (ouais) j'aurais des comptes \u00e0 rendre\nJ'suis deter\nPluie de billets verts\nJ'suis pas l\u00e0 pour plaire\nLes premiers \u00e0 kiffer seront mes adversaires\n\nTu veux la maille\nLes bitchs le style\nJ'te laisse tout\nJ'vise le sky\nLe vrai pas la tise bye bye x4", "image": "https://images.genius.com/76389ff16338591bc0de8fcb57961f77.958x958x1.jpg", "artist": "Sarahme\u0301e", "raw": {"annotation_count": 2, "api_path": "/songs/4263151", "apple_music_id": "1040999353", "apple_music_player_url": "https://genius.com/songs/4263151/apple_music_player", "description": {"plain": "?"}, "embed_content": "<div id='rg_embed_link_4263151' class='rg_embed_link' data-song-id='4263151'>Read <a href='https://genius.com/Sarahmee-legitime-lyrics'>\u201cL\u00e9gitime\u201d by Sarahme\u0301e</a> on Genius</div> <script crossorigin src='//genius.com/songs/4263151/embed.js'></script>", "featured_video": false, "full_title": "L\u00e9gitime by\u00a0Sarahme\u0301e", "header_image_thumbnail_url": "https://images.genius.com/76389ff16338591bc0de8fcb57961f77.300x300x1.jpg", "header_image_url": "https://images.genius.com/76389ff16338591bc0de8fcb57961f77.958x958x1.jpg", "id": 4263151, "lyrics_owner_id": 7803198, "lyrics_state": "complete", "path": "/Sarahmee-legitime-lyrics", "pyongs_count": null, "recording_location": null, "release_date": "2015-01-01", "song_art_image_thumbnail_url": "https://images.genius.com/76389ff16338591bc0de8fcb57961f77.300x300x1.jpg", "song_art_image_url": "https://images.genius.com/76389ff16338591bc0de8fcb57961f77.958x958x1.jpg", "stats": {"accepted_annotations": 0, "contributors": 2, "hot": false, "iq_earners": 2, "transcribers": 1, "unreviewed_annotations": 2, "verified_annotations": 0}, "title": "L\u00e9gitime", "title_with_featured": "L\u00e9gitime", "url": "https://genius.com/Sarahmee-legitime-lyrics", "current_user_metadata": {"permissions": ["view_apple_music_player", "create_comment", "view_song_story_gallery"], "excluded_permissions": ["follow", "award_transcription_iq", "remove_transcription_iq", "see_pageviews", "pyong", "edit_lyrics", "view_annotation_engagement_data", "publish", "unpublish", "edit_spotify_details", "hide", "unhide", "toggle_featured_video", "add_pinned_annotation_to", "add_community_annotation_to", "destroy", "mark_as_not_spam", "edit_spotify_annotations_for", "verify_lyrics", "unverify_lyrics", "edit_anything", "edit_any_media", "edit", "rename", "edit_tags", "watch_fact_track", "reindex", "view_lyrics_synchronization", "enable_media", "disable_media", "edit_lyrics_or_annotation_brackets", "see_editorial_indicators", "view_attribution_visualization", "edit_annotation_brackets", "preview_lyrics_for_export", "hide_apple_player", "unhide_apple_player", "trigger_apple_match", "mark_lyrics_evaluation_as_approved", "mark_lyrics_evaluation_as_staff_approved", "mark_lyrics_evaluation_as_unapproved", "mark_lyrics_evaluation_as_un_staff_approved", "view_transcriber_media_player", "override_apple_match", "edit_youtube_url", "edit_soundcloud_url", "edit_spotify_uuid", "edit_vevo_url", "moderate_annotations", "create_annotation", "see_short_id", "manage_chart_item", "create_tag", "propose_lyrics_edit", "moderate_lyrics_edit_proposals"], "interactions": {"pyong": false, "following": false}, "relationships": {}, "iq_by_action": {}}, "album": {"api_path": "/albums/499210", "cover_art_url": "https://images.genius.com/76389ff16338591bc0de8fcb57961f77.958x958x1.jpg", "full_title": "L\u00e9gitime by Sarahme\u0301e", "id": 499210, "name": "L\u00e9gitime", "url": "https://genius.com/albums/Sarahmee/Legitime", "artist": {"api_path": "/artists/161758", "header_image_url": "https://images.genius.com/a7a2e0afd5530418dfe636985e59712c.691x691x1.jpg", "id": 161758, "image_url": "https://images.genius.com/a7a2e0afd5530418dfe636985e59712c.691x691x1.jpg", "is_meme_verified": false, "is_verified": false, "name": "Sarahme\u0301e", "url": "https://genius.com/artists/Sarahmee"}}, "custom_performances": [], "description_annotation": {"_type": "referent", "annotator_id": 7803198, "annotator_login": "musical_eq", "api_path": "/referents/16351976", "classification": "needs_exegesis", "fragment": "L\u00e9gitime", "id": 16351976, "is_description": true, "path": "/16351976/Sarahmee-legitime/Legitime", "range": {"content": "L\u00e9gitime"}, "song_id": 4263151, "url": "https://genius.com/16351976/Sarahmee-legitime/Legitime", "verified_annotator_ids": [], "annotatable": {"api_path": "/songs/4263151", "client_timestamps": {"updated_by_human_at": 1548604551, "lyrics_updated_at": 1548604551}, "context": "Sarahme\u0301e", "id": 4263151, "image_url": "https://images.genius.com/76389ff16338591bc0de8fcb57961f77.958x958x1.jpg", "link_title": "L\u00e9gitime by\u00a0Sarahme\u0301e", "title": "L\u00e9gitime", "type": "Song", "url": "https://genius.com/Sarahmee-legitime-lyrics"}, "annotations": [{"api_path": "/annotations/16351976", "body": {"plain": ""}, "comment_count": 0, "community": true, "custom_preview": null, "has_voters": false, "id": 16351976, "pinned": false, "share_url": "https://genius.com/16351976", "source": null, "state": "needs_exegesis", "url": "https://genius.com/16351976/Sarahmee-legitime/Legitime", "verified": false, "votes_total": 0, "current_user_metadata": {"permissions": [], "excluded_permissions": ["vote", "edit", "cosign", "uncosign", "destroy", "accept", "reject", "see_unreviewed", "clear_votes", "propose_edit_to", "pin_to_profile", "unpin_from_profile", "update_source", "edit_custom_preview", "create_comment"], "interactions": {"cosign": false, "pyong": false, "vote": null}, "iq_by_action": {}}, "authors": [{"attribution": 1.0, "pinned_role": null, "user": {"api_path": "/users/7803198", "avatar": {"tiny": {"url": "https://s3.amazonaws.com/filepicker-images-rapgenius/ldwrc41dkzp", "bounding_box": {"width": 16, "height": 16}}, "thumb": {"url": "https://s3.amazonaws.com/filepicker-images-rapgenius/ldwrc41dkzp", "bounding_box": {"width": 32, "height": 32}}, "small": {"url": "https://s3.amazonaws.com/filepicker-images-rapgenius/ldwrc41dkzp", "bounding_box": {"width": 100, "height": 100}}, "medium": {"url": "https://s3.amazonaws.com/filepicker-images-rapgenius/ldwrc41dkzp", "bounding_box": {"width": 300, "height": 400}}}, "header_image_url": "https://s3.amazonaws.com/filepicker-images-rapgenius/e5bwwr4cnw", "human_readable_role_for_display": "Contributor", "id": 7803198, "iq": 468, "login": "musical_eq", "name": "musical_eq", "role_for_display": "contributor", "url": "https://genius.com/musical_eq", "current_user_metadata": {"permissions": [], "excluded_permissions": ["follow"], "interactions": {"following": false}, "features": []}}}], "cosigned_by": [], "rejection_comment": null, "verified_by": null}]}, "featured_artists": [], "lyrics_marked_complete_by": null, "media": [{"provider": "youtube", "start": 0, "type": "video", "url": "http://www.youtube.com/watch?v=ISsyUAfri3o"}], "primary_artist": {"api_path": "/artists/161758", "header_image_url": "https://images.genius.com/a7a2e0afd5530418dfe636985e59712c.691x691x1.jpg", "id": 161758, "image_url": "https://images.genius.com/a7a2e0afd5530418dfe636985e59712c.691x691x1.jpg", "is_meme_verified": false, "is_verified": false, "name": "Sarahme\u0301e", "url": "https://genius.com/artists/Sarahmee"}, "producer_artists": [{"api_path": "/artists/33916", "header_image_url": "https://images.genius.com/1f9d0d743a83d3f720c78be84798e7b9.1000x1000x1.png", "id": 33916, "image_url": "https://images.genius.com/65bf1c6a25a191fa949bc9bf23b37411.500x500x1.jpg", "is_meme_verified": false, "is_verified": false, "name": "Ruffsound", "url": "https://genius.com/artists/Ruffsound"}], "song_relationships": [{"type": "samples", "songs": []}, {"type": "sampled_in", "songs": []}, {"type": "interpolates", "songs": []}, {"type": "interpolated_by", "songs": []}, {"type": "cover_of", "songs": []}, {"type": "covered_by", "songs": []}, {"type": "remix_of", "songs": []}, {"type": "remixed_by", "songs": []}, {"type": "live_version_of", "songs": []}, {"type": "performed_live_as", "songs": []}], "verified_annotations_by": [], "verified_contributors": [], "verified_lyrics_by": [], "writer_artists": [{"api_path": "/artists/161758", "header_image_url": "https://images.genius.com/a7a2e0afd5530418dfe636985e59712c.691x691x1.jpg", "id": 161758, "image_url": "https://images.genius.com/a7a2e0afd5530418dfe636985e59712c.691x691x1.jpg", "is_meme_verified": false, "is_verified": false, "name": "Sarahme\u0301e", "url": "https://genius.com/artists/Sarahmee"}], "lyrics": "[Couplet 1]\nJe parle de mes proches de ma vie on some real shit\nTu fais les poches aux mamies N*** n*** deep shit\nLaisse-nous parler on a des plans tu comprendras jamais\nT'es encore d\u00e9cevant dans tes punchlines si tu la fermais\nTu t'es fan\u00e9 au fil des ann\u00e9es faut pas m'comparer\nTous ceux qui veulent nous encercler on va les contrecarrer\nT'as l'air effray\u00e9?\nTon disque est encore ray\u00e9\nPourquoi les plus mal plac\u00e9s sont les premiers \u00e0 conseiller?\nQuand j'serai au top les hypocrites seront mes amis d\u00e9sormais\nC'est toujours les m\u00eames qui parlent mais n'\u00e9taient pas l\u00e0 quand j'ramais\nJ'finirai sans coeur comme ceux qui gouvernent\nOn va prendre la place et laisser vos drapeaux en berne\nJ'd\u00e9balle que des v\u00e9rit\u00e9s I'm on some real shit\nTu fais semblant de supporter my n*** deep shit\nJ'vais tout plier au fait moi j'suis la petite de personne\nRapatrier vos rappeurs j'crois j'd\u00e9m\u00e9nage dans l'Hexagone\nAvec que dalle on fait plus t'as l'impression que j'suis sign\u00e9e\nVous g\u00e9rez pas m\u00eame avec du biff ton projet fait piti\u00e9\nRonda Rousey sur vous 14 secondes j' vous cher-cou\nJmets mon biff y a wallou\nGros tu veux rentrer dans quel coup?\nJ'ai bless\u00e9 le game j'suis dans les faits divers\nJ'incarne le soleil du bled dans le froid de l'hiver\nUne vision colossale\nDes bonhommes dans la salle\nJ'viens pour ouvrir le bal\nJ'veux autant de 0 que l'Or\u00e9al\nD'o\u00f9 j'viens la neige tombe toute l'ann\u00e9e\nPour toi y en a toujours eu sous ton nez\nPas le choix de te faire pistonner\nT'as pas de talent et tu penses cartonner\nEsprit du tier-quar on sait partager\nJ'reconnais les faux culs et les vrais j'sais les d\u00e9partager\nParait qu'ici les murs ont des oreilles\nAlors silence on fait de l'oseille\nJ'veux au moins 7 chiffres dans mon compte en banque\nQuand j'vais sortir de l'anonymat, (ouais) j'aurais des comptes \u00e0 rendre\nJ'suis deter\nPluie de billets verts\nJ'suis pas l\u00e0 pour plaire\nLes premiers \u00e0 kiffer seront mes adversaires\n\nTu veux la maille\nLes bitchs le style\nJ'te laisse tout\nJ'vise le sky\nLe vrai pas la tise bye bye x4"}}, {"title": "Or Noir (Remix)", "album": null, "year": null, "lyrics": "[Couplet 1]\nJe regrette d'\u00eatre partie\nDakar S\u00e9n\u00e9gal ma patrie\nJ'oublie pas les souvenirs\nQuand j'y pense j'me fais souffrir\nJe ne pleure plus je rap\nJe ne dors plus la night\nBerc\u00e9e par le bruit des balles\nJ'aime ma miff comme une rital\nTu m'as vu marcher l'coeur ouvert\nMontrer au monde mes blessures, mes plaies\nJ'crois en Dieu c'est mon seul rep\u00e8re\nMa m\u00e8re c'est la meilleure des m\u00e8res\nDur comme fer, j'suis noire comme l'\u00e9b\u00e8ne\nJ'ai tout fait pour enlever mes cha\u00eenes\nKainfry jusque dans mes veines\nPoulet frit maf\u00e9 tchiep bou dieune\nT\u00e9ma, mes lossa\nComptent sur moi\nBande de tar-ba\nIl n'y aura pas de rot-ca\nSeule la mort nous emportera\nJ'vais tout rafler j'veux l'or noir ou jaune\nQuitt\u00e9 \u00e0 y laisser ma peau\nNe me juge pas, tu ne sais pas\nPour qui ou pour quoi je m\u00e8ne ma cause\n\n[Refrain]\nCar je n'ai que ma famille\nPas d'amis\nMes ennemis\nEt cette m\u00e9lodie\nMoi je n'ai que ma famille pas d' amis\nDans cette chienne de vie\nDes ennuis, des ennemis\nEt cette m\u00e9lodie\n\n[Couplet 2]\nEntre le bitume et la plage\nY a que le sable qui nous s\u00e9pare\nJ'ferai des choses ill\u00e9gales\nSi la musique ne marche pas\nJ'suis trop d\u00e9ter v\u00e9n\u00e8r \u00e0 l'\u00e8re o\u00f9\nTous les boloss veulent de l'oseille\nBelek si tu cherches les miens tu m'trouves\nAppelle les chiens, tu tombes sur une louve\nPas de chargeur sans l'remplir de ye-dou\nL'industrie nous a bien cass\u00e9 les ye-cou\nPourquoi j'voudrais rentrer dans votre moule\nY a plus de r\u00e8gles quand j'vois tout en rouge\nJ'ai ouvert mon coeur et pas la bouteille\n\u00c0 part mes darons j'veux pas de tes conseils\nToujours en noir\nToujours en deuil\nToujours en retard\nToujours \u00e0 l'heure\nM\u00eame dans la merde on reste vrai\nPeur de personne touche pas \u00e0 mes r\u00eaves\nGrosse Qualit\u00e9, carats\nMa fiert\u00e9 est rang\u00e9e dans le cartable\nMa couleur passe la nuit en gardav\nMais ne sait pas que j'leur r\u00e9serve du sale\n\n[Refrain x2]", "image": "https://images.genius.com/a7a2e0afd5530418dfe636985e59712c.691x691x1.jpg", "artist": "Sarahme\u0301e", "raw": {"annotation_count": 4, "api_path": "/songs/397208", "apple_music_id": null, "apple_music_player_url": "https://genius.com/songs/397208/apple_music_player", "description": {"plain": "Remix du morceau \u201cOr Noir\u201d de Kaaris.\n\nhttps://www.youtube.com/watch?v=m8LnqCSqNe4\n\n\n\nRemix approuv\u00e9 par le rappeur sevrannais en personne :"}, "embed_content": "<div id='rg_embed_link_397208' class='rg_embed_link' data-song-id='397208'>Read <a href='https://genius.com/Sarahmee-or-noir-remix-lyrics'>\u201cOr Noir (Remix)\u201d by Sarahme\u0301e</a> on Genius</div> <script crossorigin src='//genius.com/songs/397208/embed.js'></script>", "featured_video": false, "full_title": "Or Noir (Remix) by\u00a0Sarahme\u0301e", "header_image_thumbnail_url": "https://images.genius.com/a7a2e0afd5530418dfe636985e59712c.300x300x1.jpg", "header_image_url": "https://images.genius.com/a7a2e0afd5530418dfe636985e59712c.691x691x1.jpg", "id": 397208, "lyrics_owner_id": 258291, "lyrics_state": "complete", "path": "/Sarahmee-or-noir-remix-lyrics", "pyongs_count": 2, "recording_location": null, "release_date": null, "song_art_image_thumbnail_url": "https://images.genius.com/a7a2e0afd5530418dfe636985e59712c.300x300x1.jpg", "song_art_image_url": "https://images.genius.com/a7a2e0afd5530418dfe636985e59712c.691x691x1.jpg", "stats": {"accepted_annotations": 1, "contributors": 4, "hot": false, "iq_earners": 4, "transcribers": 1, "unreviewed_annotations": 2, "verified_annotations": 0}, "title": "Or Noir (Remix)", "title_with_featured": "Or Noir (Remix)", "url": "https://genius.com/Sarahmee-or-noir-remix-lyrics", "current_user_metadata": {"permissions": ["view_apple_music_player", "create_comment", "view_song_story_gallery"], "excluded_permissions": ["follow", "award_transcription_iq", "remove_transcription_iq", "see_pageviews", "pyong", "edit_lyrics", "view_annotation_engagement_data", "publish", "unpublish", "edit_spotify_details", "hide", "unhide", "toggle_featured_video", "add_pinned_annotation_to", "add_community_annotation_to", "destroy", "mark_as_not_spam", "edit_spotify_annotations_for", "verify_lyrics", "unverify_lyrics", "edit_anything", "edit_any_media", "edit", "rename", "edit_tags", "watch_fact_track", "reindex", "view_lyrics_synchronization", "enable_media", "disable_media", "edit_lyrics_or_annotation_brackets", "see_editorial_indicators", "view_attribution_visualization", "edit_annotation_brackets", "preview_lyrics_for_export", "hide_apple_player", "unhide_apple_player", "trigger_apple_match", "mark_lyrics_evaluation_as_approved", "mark_lyrics_evaluation_as_staff_approved", "mark_lyrics_evaluation_as_unapproved", "mark_lyrics_evaluation_as_un_staff_approved", "view_transcriber_media_player", "override_apple_match", "edit_youtube_url", "edit_soundcloud_url", "edit_spotify_uuid", "edit_vevo_url", "moderate_annotations", "create_annotation", "see_short_id", "manage_chart_item", "create_tag", "propose_lyrics_edit", "moderate_lyrics_edit_proposals"], "interactions": {"pyong": false, "following": false}, "relationships": {}, "iq_by_action": {}}, "album": null, "custom_performances": [], "description_annotation": {"_type": "referent", "annotator_id": 258291, "annotator_login": "Sophianee75017", "api_path": "/referents/3753175", "classification": "accepted", "fragment": "Or Noir (Remix)", "id": 3753175, "is_description": true, "path": "/3753175/Sarahmee-or-noir-remix/Or-noir-remix", "range": {"content": "Or Noir (Remix)"}, "song_id": 397208, "url": "https://genius.com/3753175/Sarahmee-or-noir-remix/Or-noir-remix", "verified_annotator_ids": [], "annotatable": {"api_path": "/songs/397208", "client_timestamps": {"updated_by_human_at": 1499459048, "lyrics_updated_at": 1499459048}, "context": "Sarahme\u0301e", "id": 397208, "image_url": "https://images.genius.com/a7a2e0afd5530418dfe636985e59712c.691x691x1.jpg", "link_title": "Or Noir (Remix) by\u00a0Sarahme\u0301e", "title": "Or Noir (Remix)", "type": "Song", "url": "https://genius.com/Sarahmee-or-noir-remix-lyrics"}, "annotations": [{"api_path": "/annotations/3753175", "body": {"plain": "Remix du morceau \u201cOr Noir\u201d de Kaaris.\n\nhttps://www.youtube.com/watch?v=m8LnqCSqNe4\n\n\n\nRemix approuv\u00e9 par le rappeur sevrannais en personne :"}, "comment_count": 0, "community": true, "custom_preview": null, "has_voters": false, "id": 3753175, "pinned": false, "share_url": "https://genius.com/3753175", "source": null, "state": "accepted", "url": "https://genius.com/3753175/Sarahmee-or-noir-remix/Or-noir-remix", "verified": false, "votes_total": 0, "current_user_metadata": {"permissions": ["create_comment"], "excluded_permissions": ["vote", "edit", "cosign", "uncosign", "destroy", "accept", "reject", "see_unreviewed", "clear_votes", "propose_edit_to", "pin_to_profile", "unpin_from_profile", "update_source", "edit_custom_preview"], "interactions": {"cosign": false, "pyong": false, "vote": null}, "iq_by_action": {}}, "authors": [{"attribution": 0.6190476190476191, "pinned_role": null, "user": {"api_path": "/users/258291", "avatar": {"tiny": {"url": "https://images.rapgenius.com/avatars/tiny/e30aeea4d5ebe7e7818d9ab61f87063a", "bounding_box": {"width": 16, "height": 16}}, "thumb": {"url": "https://images.rapgenius.com/avatars/thumb/e30aeea4d5ebe7e7818d9ab61f87063a", "bounding_box": {"width": 32, "height": 32}}, "small": {"url": "https://images.rapgenius.com/avatars/small/e30aeea4d5ebe7e7818d9ab61f87063a", "bounding_box": {"width": 100, "height": 100}}, "medium": {"url": "https://images.rapgenius.com/avatars/medium/e30aeea4d5ebe7e7818d9ab61f87063a", "bounding_box": {"width": 300, "height": 400}}}, "header_image_url": "https://images.rapgenius.com/avatars/medium/e30aeea4d5ebe7e7818d9ab61f87063a", "human_readable_role_for_display": "Contributor", "id": 258291, "iq": 5730, "login": "Sophianee75017", "name": "Sophianee75017", "role_for_display": "contributor", "url": "https://genius.com/Sophianee75017", "current_user_metadata": {"permissions": [], "excluded_permissions": ["follow"], "interactions": {"following": false}, "features": []}}}, {"attribution": 0.38095238095238093, "pinned_role": null, "user": {"api_path": "/users/112706", "avatar": {"tiny": {"url": "https://images.genius.com/avatars/tiny/5ebd8448cc80e5a015134889c8cf39e4", "bounding_box": {"width": 16, "height": 16}}, "thumb": {"url": "https://images.genius.com/avatars/thumb/5ebd8448cc80e5a015134889c8cf39e4", "bounding_box": {"width": 32, "height": 32}}, "small": {"url": "https://images.genius.com/avatars/small/5ebd8448cc80e5a015134889c8cf39e4", "bounding_box": {"width": 100, "height": 100}}, "medium": {"url": "https://images.genius.com/avatars/medium/5ebd8448cc80e5a015134889c8cf39e4", "bounding_box": {"width": 300, "height": 400}}}, "header_image_url": "https://images.genius.com/avatars/medium/5ebd8448cc80e5a015134889c8cf39e4", "human_readable_role_for_display": "Moderator", "id": 112706, "iq": 203610, "login": "punchline", "name": "punchline", "role_for_display": "moderator", "url": "https://genius.com/punchline", "current_user_metadata": {"permissions": [], "excluded_permissions": ["follow"], "interactions": {"following": false}, "features": []}}}], "cosigned_by": [], "rejection_comment": null, "verified_by": null}]}, "featured_artists": [], "lyrics_marked_complete_by": null, "media": [{"provider": "youtube", "start": 0, "type": "video", "url": "http://www.youtube.com/watch?v=BQ67iUZ2XcE"}], "primary_artist": {"api_path": "/artists/161758", "header_image_url": "https://images.genius.com/a7a2e0afd5530418dfe636985e59712c.691x691x1.jpg", "id": 161758, "image_url": "https://images.genius.com/a7a2e0afd5530418dfe636985e59712c.691x691x1.jpg", "is_meme_verified": false, "is_verified": false, "name": "Sarahme\u0301e", "url": "https://genius.com/artists/Sarahmee"}, "producer_artists": [], "song_relationships": [{"type": "samples", "songs": []}, {"type": "sampled_in", "songs": []}, {"type": "interpolates", "songs": []}, {"type": "interpolated_by", "songs": []}, {"type": "cover_of", "songs": []}, {"type": "covered_by", "songs": []}, {"type": "remix_of", "songs": []}, {"type": "remixed_by", "songs": []}, {"type": "live_version_of", "songs": []}, {"type": "performed_live_as", "songs": []}], "verified_annotations_by": [], "verified_contributors": [], "verified_lyrics_by": [], "writer_artists": [{"api_path": "/artists/161758", "header_image_url": "https://images.genius.com/a7a2e0afd5530418dfe636985e59712c.691x691x1.jpg", "id": 161758, "image_url": "https://images.genius.com/a7a2e0afd5530418dfe636985e59712c.691x691x1.jpg", "is_meme_verified": false, "is_verified": false, "name": "Sarahme\u0301e", "url": "https://genius.com/artists/Sarahmee"}], "lyrics": "[Couplet 1]\nJe regrette d'\u00eatre partie\nDakar S\u00e9n\u00e9gal ma patrie\nJ'oublie pas les souvenirs\nQuand j'y pense j'me fais souffrir\nJe ne pleure plus je rap\nJe ne dors plus la night\nBerc\u00e9e par le bruit des balles\nJ'aime ma miff comme une rital\nTu m'as vu marcher l'coeur ouvert\nMontrer au monde mes blessures, mes plaies\nJ'crois en Dieu c'est mon seul rep\u00e8re\nMa m\u00e8re c'est la meilleure des m\u00e8res\nDur comme fer, j'suis noire comme l'\u00e9b\u00e8ne\nJ'ai tout fait pour enlever mes cha\u00eenes\nKainfry jusque dans mes veines\nPoulet frit maf\u00e9 tchiep bou dieune\nT\u00e9ma, mes lossa\nComptent sur moi\nBande de tar-ba\nIl n'y aura pas de rot-ca\nSeule la mort nous emportera\nJ'vais tout rafler j'veux l'or noir ou jaune\nQuitt\u00e9 \u00e0 y laisser ma peau\nNe me juge pas, tu ne sais pas\nPour qui ou pour quoi je m\u00e8ne ma cause\n\n[Refrain]\nCar je n'ai que ma famille\nPas d'amis\nMes ennemis\nEt cette m\u00e9lodie\nMoi je n'ai que ma famille pas d' amis\nDans cette chienne de vie\nDes ennuis, des ennemis\nEt cette m\u00e9lodie\n\n[Couplet 2]\nEntre le bitume et la plage\nY a que le sable qui nous s\u00e9pare\nJ'ferai des choses ill\u00e9gales\nSi la musique ne marche pas\nJ'suis trop d\u00e9ter v\u00e9n\u00e8r \u00e0 l'\u00e8re o\u00f9\nTous les boloss veulent de l'oseille\nBelek si tu cherches les miens tu m'trouves\nAppelle les chiens, tu tombes sur une louve\nPas de chargeur sans l'remplir de ye-dou\nL'industrie nous a bien cass\u00e9 les ye-cou\nPourquoi j'voudrais rentrer dans votre moule\nY a plus de r\u00e8gles quand j'vois tout en rouge\nJ'ai ouvert mon coeur et pas la bouteille\n\u00c0 part mes darons j'veux pas de tes conseils\nToujours en noir\nToujours en deuil\nToujours en retard\nToujours \u00e0 l'heure\nM\u00eame dans la merde on reste vrai\nPeur de personne touche pas \u00e0 mes r\u00eaves\nGrosse Qualit\u00e9, carats\nMa fiert\u00e9 est rang\u00e9e dans le cartable\nMa couleur passe la nuit en gardav\nMais ne sait pas que j'leur r\u00e9serve du sale\n\n[Refrain x2]"}}, {"title": "Sur une plan\u00e8te", "album": "L\u00e9gitime", "year": null, "lyrics": "[Refrain]\nPourquoi\nToutes les nuits se ressemblent\nDans tes bras?\nDis moi\nPourquoi ce soir je ne te reconnais pas?\n\n[Couplet 1]\nEntre parenth\u00e8se\nSouris avec ton coeur\nMontre moi ta peine\nAilleurs que derri\u00e8re ton phonetel\nOn a balanc\u00e9s nos r\u00eaves\nJet\u00e9s par la fen\u00eatre\nFais moi danser comme ta conqu\u00eate\nBien cadenc\u00e9 tu me fais tourner la t\u00eate\n\nSur une plan\u00e8te\nDu moins peut \u00eatre\nOn s'regarde dans les yeux\nOn ne baisse pas la t\u00eate x2\n\n[Refrain]\n\n[Pont]\nJe ne sais plus o\u00f9 aller\nOh oh oh oh oh oh\nOn ne sait plus s'aimer\nOh oh oh oh oh oh\nOn s'est condamn\u00e9s\n\n[Couplet 2]\nJe n'veux pas de coeur dur comme de la ferraille\nOn n'a plus de conducteur on a d\u00e9sert\u00e9 les rails\nNourris par l'angoisse on se texte des images\nDire je t'aime en face tu n'as plus le courage\nDis-moi si tu m'aimes et la couleur de tes yeux\nJe veux te connaitre ici le ciel est encore bleu\nDans les films tu sais ils finissent toujours heureux\nNous on se l\u00e8ve le matin avec le coeur coup\u00e9 en deux\nJe cherche mon destin\nComment aimer son prochain?\nJe ne r\u00eave plus de beau prince\nJ'ai nourris tous mes chagrins\n\nSur une plan\u00e8te\nDu moins peut \u00eatre\nOn s'regarde dans les yeux\nOn baisse pas la t\u00eate x2\n\n[Refrain]", "image": "https://images.genius.com/76389ff16338591bc0de8fcb57961f77.958x958x1.jpg", "artist": "Sarahme\u0301e", "raw": {"annotation_count": 1, "api_path": "/songs/4263195", "apple_music_id": "1040999356", "apple_music_player_url": "https://genius.com/songs/4263195/apple_music_player", "description": {"plain": "\u201cSur une plan\u00e8te\u201d raconte la fin d'une relation quand on se rend compte que l'amour est parti."}, "embed_content": "<div id='rg_embed_link_4263195' class='rg_embed_link' data-song-id='4263195'>Read <a href='https://genius.com/Sarahmee-sur-une-planete-lyrics'>\u201cSur une plan\u00e8te\u201d by Sarahme\u0301e</a> on Genius</div> <script crossorigin src='//genius.com/songs/4263195/embed.js'></script>", "featured_video": false, "full_title": "Sur une plan\u00e8te by\u00a0Sarahme\u0301e", "header_image_thumbnail_url": "https://images.genius.com/76389ff16338591bc0de8fcb57961f77.300x300x1.jpg", "header_image_url": "https://images.genius.com/76389ff16338591bc0de8fcb57961f77.958x958x1.jpg", "id": 4263195, "lyrics_owner_id": 7803198, "lyrics_state": "complete", "path": "/Sarahmee-sur-une-planete-lyrics", "pyongs_count": null, "recording_location": null, "release_date": null, "song_art_image_thumbnail_url": "https://images.genius.com/76389ff16338591bc0de8fcb57961f77.300x300x1.jpg", "song_art_image_url": "https://images.genius.com/76389ff16338591bc0de8fcb57961f77.958x958x1.jpg", "stats": {"accepted_annotations": 0, "contributors": 2, "hot": false, "iq_earners": 2, "transcribers": 1, "unreviewed_annotations": 1, "verified_annotations": 0}, "title": "Sur une plan\u00e8te", "title_with_featured": "Sur une plan\u00e8te", "url": "https://genius.com/Sarahmee-sur-une-planete-lyrics", "current_user_metadata": {"permissions": ["view_apple_music_player", "create_comment", "view_song_story_gallery"], "excluded_permissions": ["follow", "award_transcription_iq", "remove_transcription_iq", "see_pageviews", "pyong", "edit_lyrics", "view_annotation_engagement_data", "publish", "unpublish", "edit_spotify_details", "hide", "unhide", "toggle_featured_video", "add_pinned_annotation_to", "add_community_annotation_to", "destroy", "mark_as_not_spam", "edit_spotify_annotations_for", "verify_lyrics", "unverify_lyrics", "edit_anything", "edit_any_media", "edit", "rename", "edit_tags", "watch_fact_track", "reindex", "view_lyrics_synchronization", "enable_media", "disable_media", "edit_lyrics_or_annotation_brackets", "see_editorial_indicators", "view_attribution_visualization", "edit_annotation_brackets", "preview_lyrics_for_export", "hide_apple_player", "unhide_apple_player", "trigger_apple_match", "mark_lyrics_evaluation_as_approved", "mark_lyrics_evaluation_as_staff_approved", "mark_lyrics_evaluation_as_unapproved", "mark_lyrics_evaluation_as_un_staff_approved", "view_transcriber_media_player", "override_apple_match", "edit_youtube_url", "edit_soundcloud_url", "edit_spotify_uuid", "edit_vevo_url", "moderate_annotations", "create_annotation", "see_short_id", "manage_chart_item", "create_tag", "propose_lyrics_edit", "moderate_lyrics_edit_proposals"], "interactions": {"pyong": false, "following": false}, "relationships": {}, "iq_by_action": {}}, "album": {"api_path": "/albums/499210", "cover_art_url": "https://images.genius.com/76389ff16338591bc0de8fcb57961f77.958x958x1.jpg", "full_title": "L\u00e9gitime by Sarahme\u0301e", "id": 499210, "name": "L\u00e9gitime", "url": "https://genius.com/albums/Sarahmee/Legitime", "artist": {"api_path": "/artists/161758", "header_image_url": "https://images.genius.com/a7a2e0afd5530418dfe636985e59712c.691x691x1.jpg", "id": 161758, "image_url": "https://images.genius.com/a7a2e0afd5530418dfe636985e59712c.691x691x1.jpg", "is_meme_verified": false, "is_verified": false, "name": "Sarahme\u0301e", "url": "https://genius.com/artists/Sarahmee"}}, "custom_performances": [], "description_annotation": {"_type": "referent", "annotator_id": 7803198, "annotator_login": "musical_eq", "api_path": "/referents/16352059", "classification": "unreviewed", "fragment": "Sur une plan\u00e8te", "id": 16352059, "is_description": true, "path": "/16352059/Sarahmee-sur-une-planete/Sur-une-planete", "range": {"content": "Sur une plan\u00e8te"}, "song_id": 4263195, "url": "https://genius.com/16352059/Sarahmee-sur-une-planete/Sur-une-planete", "verified_annotator_ids": [], "annotatable": {"api_path": "/songs/4263195", "client_timestamps": {"updated_by_human_at": 1548605288, "lyrics_updated_at": 1548604970}, "context": "Sarahme\u0301e", "id": 4263195, "image_url": "https://images.genius.com/76389ff16338591bc0de8fcb57961f77.958x958x1.jpg", "link_title": "Sur une plan\u00e8te by\u00a0Sarahme\u0301e", "title": "Sur une plan\u00e8te", "type": "Song", "url": "https://genius.com/Sarahmee-sur-une-planete-lyrics"}, "annotations": [{"api_path": "/annotations/16352059", "body": {"plain": "\u201cSur une plan\u00e8te\u201d raconte la fin d'une relation quand on se rend compte que l'amour est parti."}, "comment_count": 0, "community": true, "custom_preview": null, "has_voters": true, "id": 16352059, "pinned": false, "share_url": "https://genius.com/16352059", "source": null, "state": "pending", "url": "https://genius.com/16352059/Sarahmee-sur-une-planete/Sur-une-planete", "verified": false, "votes_total": 1, "current_user_metadata": {"permissions": ["create_comment"], "excluded_permissions": ["vote", "edit", "cosign", "uncosign", "destroy", "accept", "reject", "see_unreviewed", "clear_votes", "propose_edit_to", "pin_to_profile", "unpin_from_profile", "update_source", "edit_custom_preview"], "interactions": {"cosign": false, "pyong": false, "vote": null}, "iq_by_action": {}}, "authors": [{"attribution": 1.0, "pinned_role": null, "user": {"api_path": "/users/7803198", "avatar": {"tiny": {"url": "https://s3.amazonaws.com/filepicker-images-rapgenius/ldwrc41dkzp", "bounding_box": {"width": 16, "height": 16}}, "thumb": {"url": "https://s3.amazonaws.com/filepicker-images-rapgenius/ldwrc41dkzp", "bounding_box": {"width": 32, "height": 32}}, "small": {"url": "https://s3.amazonaws.com/filepicker-images-rapgenius/ldwrc41dkzp", "bounding_box": {"width": 100, "height": 100}}, "medium": {"url": "https://s3.amazonaws.com/filepicker-images-rapgenius/ldwrc41dkzp", "bounding_box": {"width": 300, "height": 400}}}, "header_image_url": "https://s3.amazonaws.com/filepicker-images-rapgenius/e5bwwr4cnw", "human_readable_role_for_display": "Contributor", "id": 7803198, "iq": 468, "login": "musical_eq", "name": "musical_eq", "role_for_display": "contributor", "url": "https://genius.com/musical_eq", "current_user_metadata": {"permissions": [], "excluded_permissions": ["follow"], "interactions": {"following": false}, "features": []}}}], "cosigned_by": [], "rejection_comment": null, "verified_by": null}]}, "featured_artists": [], "lyrics_marked_complete_by": null, "media": [{"provider": "youtube", "start": 0, "type": "video", "url": "http://www.youtube.com/watch?v=tvw8UM68VFM"}], "primary_artist": {"api_path": "/artists/161758", "header_image_url": "https://images.genius.com/a7a2e0afd5530418dfe636985e59712c.691x691x1.jpg", "id": 161758, "image_url": "https://images.genius.com/a7a2e0afd5530418dfe636985e59712c.691x691x1.jpg", "is_meme_verified": false, "is_verified": false, "name": "Sarahme\u0301e", "url": "https://genius.com/artists/Sarahmee"}, "producer_artists": [{"api_path": "/artists/28980", "header_image_url": "https://assets.genius.com/images/default_avatar_300.png?1550179390", "id": 28980, "image_url": "https://assets.genius.com/images/default_avatar_300.png?1550179390", "is_meme_verified": false, "is_verified": false, "name": "Koudjo", "url": "https://genius.com/artists/Koudjo"}], "song_relationships": [{"type": "samples", "songs": []}, {"type": "sampled_in", "songs": []}, {"type": "interpolates", "songs": []}, {"type": "interpolated_by", "songs": []}, {"type": "cover_of", "songs": []}, {"type": "covered_by", "songs": []}, {"type": "remix_of", "songs": []}, {"type": "remixed_by", "songs": []}, {"type": "live_version_of", "songs": []}, {"type": "performed_live_as", "songs": []}], "verified_annotations_by": [], "verified_contributors": [], "verified_lyrics_by": [], "writer_artists": [{"api_path": "/artists/161758", "header_image_url": "https://images.genius.com/a7a2e0afd5530418dfe636985e59712c.691x691x1.jpg", "id": 161758, "image_url": "https://images.genius.com/a7a2e0afd5530418dfe636985e59712c.691x691x1.jpg", "is_meme_verified": false, "is_verified": false, "name": "Sarahme\u0301e", "url": "https://genius.com/artists/Sarahmee"}], "lyrics": "[Refrain]\nPourquoi\nToutes les nuits se ressemblent\nDans tes bras?\nDis moi\nPourquoi ce soir je ne te reconnais pas?\n\n[Couplet 1]\nEntre parenth\u00e8se\nSouris avec ton coeur\nMontre moi ta peine\nAilleurs que derri\u00e8re ton phonetel\nOn a balanc\u00e9s nos r\u00eaves\nJet\u00e9s par la fen\u00eatre\nFais moi danser comme ta conqu\u00eate\nBien cadenc\u00e9 tu me fais tourner la t\u00eate\n\nSur une plan\u00e8te\nDu moins peut \u00eatre\nOn s'regarde dans les yeux\nOn ne baisse pas la t\u00eate x2\n\n[Refrain]\n\n[Pont]\nJe ne sais plus o\u00f9 aller\nOh oh oh oh oh oh\nOn ne sait plus s'aimer\nOh oh oh oh oh oh\nOn s'est condamn\u00e9s\n\n[Couplet 2]\nJe n'veux pas de coeur dur comme de la ferraille\nOn n'a plus de conducteur on a d\u00e9sert\u00e9 les rails\nNourris par l'angoisse on se texte des images\nDire je t'aime en face tu n'as plus le courage\nDis-moi si tu m'aimes et la couleur de tes yeux\nJe veux te connaitre ici le ciel est encore bleu\nDans les films tu sais ils finissent toujours heureux\nNous on se l\u00e8ve le matin avec le coeur coup\u00e9 en deux\nJe cherche mon destin\nComment aimer son prochain?\nJe ne r\u00eave plus de beau prince\nJ'ai nourris tous mes chagrins\n\nSur une plan\u00e8te\nDu moins peut \u00eatre\nOn s'regarde dans les yeux\nOn baisse pas la t\u00eate x2\n\n[Refrain]"}}], "artist": "Sarahme\u0301e"}