{"songs": [{"title": "\u00c0 l'Avenir", "album": "Goal : Une M\u00e9lodie", "year": "2018-05-11", "lyrics": "\u00c0 l\u2019avenir je serai du monde\nAurai plus de chansons que d\u2019annonces\nPlus de mentions que de mensonges\nDe comptes r\u00e9gl\u00e9s que de ran\u00e7ons\n\u00c0 l\u2019avenir j\u2019surferai sur les pause-d\u00e9tente\nMe l\u00e8verai que si le sol me bounce\nMe plaignerai plus d\u2019\u00eatre seule au monde avec mes fant\u00f4mes\nJ\u2019compte les secondes\nConte des mensonges\nContre les nons\nNow j\u2019cong\u00e8le mon son pour l\u2019avenir, je g\u00e8re les d\u00e9mons et squeeze les lemons\nLonge les lounges\nAllonge mes jambes, yeah j\u2019me pose\nJ\u2019fronte plus comme avant\nJ\u2019ai un umbrella m\u00eame si la pluie tombe comme avant\nYeah now je pense \u00e0 l\u2019avenir\nJ\u2019m\u2019accroche \u00e0 rien\nM\u00eame si certains s\u2019pendent \u00e0 mes l\u00e8vres comme moi \u00e0 une prod de ma main\nJ\u2019laisse les songes aux songeurs\nLes faibles proses aux poseurs\nJ\u2019passe l\u2019\u00e9ponge sur les modes d\u00e8g'\nMe r\u00e9veille \u00e0 l\u2019aube puis je d\u00e9jeune\n\nRefrain :\n\u00c0 l\u2019avenir, \u00e0 l\u2019avenir yeah yeah\nToast \u00e0 l\u2019avenir, \u00e0 l\u2019avenir yeah yeah\n\n\u00c0 l\u2019avenir j\u2019\u00e9couterai les conseils si \u00e7a me chante\n\u00c0 l\u2019avenir j\u2019irai dans des concerts que si c\u2019est moi qui chante\nJ\u2019m\u2019en laverai les mains, serai clean sans passer de savon\nPour pas m\u2019r\u00e9veiller \u00e0 trente avec plus de sang d\u2019encre que de sons\n\n\u00c0 l\u2019avenir j\u2019prendrai mon mal en patience quand j\u2019aurai le temps\nSuivrai plus la cadence du pass\u00e9 car pr\u00e9sentement c\u2019est dans l\u2019avenir que j\u2019investis\nJe sais qu\u2019il va me backer\u2026 God damn\nJ\u2019esp\u00e8re qu\u2019il va me backer\n\n/\nUs\u00e9e de ruse, fait mon possible contre le pass\u00e9\nVu des muses s\u2019effondrer dans d\u2019mauvaises postures\nJ\u2019fais moins d\u2019beaux yeux que d\u2019oseille\nMoins d\u2019posters que de choses honn\u00eates\nMoins de wet dream que de sweet dream - mais \u00e7a il faut que \u00e7a change \u00e0 l\u2019avenir\nJ\u2019ai pass\u00e9 toute ma vie \u00e0 \u00eatre original\nPuis j\u2019ai bien compris que la porte de sortie aura flash\u00e9 qu\u2019pour les autres\nYeah j\u2019p\u00e8se mes mots\nR\u00eave d\u2019\u00eatre astronaute\nLes rationals, j\u2019me cache d\u2019eux autres\nNow vivre que d\u2019love pis d\u2019H20\nJ\u2019l\u2019\u00e9vite seule vers le maximum\nPlus jamais sur le bench, god damn, yeah il s\u2019est pass\u00e9 l\u2019mot\nJ\u2019ai \u00e9t\u00e9 patiente mais now j\u2019\u00e9vite l\u2019effet placebo\nSo j\u2019fais mon possible\nPlus que c\u2019qui est possible\nOn m\u2019a dit \u201cSois pas l\u00e0 inque parce que t\u2019es une fille\u201d\nWhat can I do j\u2019suis n\u00e9e de m\u00eame I gotta live\n\nRefrain", "image": "https://images.genius.com/1d1ad8878ca9c4f1be263fa8f897ec38.1000x1000x1.jpg", "artist": "Marie-Gold (Canada)", "raw": {"annotation_count": 0, "api_path": "/songs/3712099", "apple_music_id": "1381521656", "apple_music_player_url": "https://genius.com/songs/3712099/apple_music_player", "description": {"plain": "?"}, "embed_content": "<div id='rg_embed_link_3712099' class='rg_embed_link' data-song-id='3712099'>Read <a href='https://genius.com/Marie-gold-canada-a-lavenir-lyrics'>\u201c\u00c0 l'Avenir\u201d by Marie-Gold\u00a0(Canada)</a> on Genius</div> <script crossorigin src='//genius.com/songs/3712099/embed.js'></script>", "featured_video": false, "full_title": "\u00c0 l'Avenir by\u00a0Marie-Gold\u00a0(Canada)", "header_image_thumbnail_url": "https://images.genius.com/1d1ad8878ca9c4f1be263fa8f897ec38.300x300x1.jpg", "header_image_url": "https://images.genius.com/1d1ad8878ca9c4f1be263fa8f897ec38.1000x1000x1.jpg", "id": 3712099, "lyrics_owner_id": 6384650, "lyrics_state": "complete", "path": "/Marie-gold-canada-a-lavenir-lyrics", "pyongs_count": null, "recording_location": null, "release_date": "2018-05-11", "song_art_image_thumbnail_url": "https://images.genius.com/1d1ad8878ca9c4f1be263fa8f897ec38.300x300x1.jpg", "song_art_image_url": "https://images.genius.com/1d1ad8878ca9c4f1be263fa8f897ec38.1000x1000x1.jpg", "stats": {"accepted_annotations": 0, "contributors": 2, "hot": false, "iq_earners": 2, "transcribers": 1, "unreviewed_annotations": 0, "verified_annotations": 0}, "title": "\u00c0 l'Avenir", "title_with_featured": "\u00c0 l'Avenir", "url": "https://genius.com/Marie-gold-canada-a-lavenir-lyrics", "current_user_metadata": {"permissions": ["view_apple_music_player", "create_comment", "view_song_story_gallery"], "excluded_permissions": ["follow", "award_transcription_iq", "remove_transcription_iq", "see_pageviews", "pyong", "edit_lyrics", "view_annotation_engagement_data", "publish", "unpublish", "edit_spotify_details", "hide", "unhide", "toggle_featured_video", "add_pinned_annotation_to", "add_community_annotation_to", "destroy", "mark_as_not_spam", "edit_spotify_annotations_for", "verify_lyrics", "unverify_lyrics", "edit_anything", "edit_any_media", "edit", "rename", "edit_tags", "watch_fact_track", "reindex", "view_lyrics_synchronization", "enable_media", "disable_media", "edit_lyrics_or_annotation_brackets", "see_editorial_indicators", "view_attribution_visualization", "edit_annotation_brackets", "preview_lyrics_for_export", "hide_apple_player", "unhide_apple_player", "trigger_apple_match", "mark_lyrics_evaluation_as_approved", "mark_lyrics_evaluation_as_staff_approved", "mark_lyrics_evaluation_as_unapproved", "mark_lyrics_evaluation_as_un_staff_approved", "view_transcriber_media_player", "override_apple_match", "edit_youtube_url", "edit_soundcloud_url", "edit_spotify_uuid", "edit_vevo_url", "moderate_annotations", "create_annotation", "see_short_id", "manage_chart_item", "create_tag", "propose_lyrics_edit", "moderate_lyrics_edit_proposals"], "interactions": {"pyong": false, "following": false}, "relationships": {}, "iq_by_action": {}}, "album": {"api_path": "/albums/428396", "cover_art_url": "https://images.genius.com/1d1ad8878ca9c4f1be263fa8f897ec38.1000x1000x1.jpg", "full_title": "Goal : Une M\u00e9lodie by Marie-Gold (Canada)", "id": 428396, "name": "Goal : Une M\u00e9lodie", "url": "https://genius.com/albums/Marie-gold-canada/Goal-une-melodie", "artist": {"api_path": "/artists/1197739", "header_image_url": "https://images.genius.com/029d5f2b0043e9983f24c2ab30b13a2e.287x287x1.jpg", "id": 1197739, "image_url": "https://images.genius.com/029d5f2b0043e9983f24c2ab30b13a2e.287x287x1.jpg", "is_meme_verified": false, "is_verified": false, "name": "Marie-Gold (Canada)", "url": "https://genius.com/artists/Marie-gold-canada"}}, "custom_performances": [{"label": "Clip Director", "artists": [{"api_path": "/artists/1626875", "header_image_url": "https://images.genius.com/adfa92d5fc4b82c62fde94182a570313.640x640x1.jpg", "id": 1626875, "image_url": "https://images.genius.com/adfa92d5fc4b82c62fde94182a570313.640x640x1.jpg", "is_meme_verified": false, "is_verified": false, "name": "Etienne Dufresne", "url": "https://genius.com/artists/Etienne-dufresne"}]}], "description_annotation": {"_type": "referent", "annotator_id": 6384650, "annotator_login": "ChloPilonVaillancourt", "api_path": "/referents/14540540", "classification": "needs_exegesis", "fragment": "\u00c0 l'Avenir", "id": 14540540, "is_description": true, "path": "/14540540/Marie-gold-canada-a-lavenir/A-lavenir", "range": {"content": "\u00c0 l'Avenir"}, "song_id": 3712099, "url": "https://genius.com/14540540/Marie-gold-canada-a-lavenir/A-lavenir", "verified_annotator_ids": [], "annotatable": {"api_path": "/songs/3712099", "client_timestamps": {"updated_by_human_at": 1541270265, "lyrics_updated_at": 1526062846}, "context": "Marie-Gold (Canada)", "id": 3712099, "image_url": "https://images.genius.com/1d1ad8878ca9c4f1be263fa8f897ec38.1000x1000x1.jpg", "link_title": "\u00c0 l'Avenir by\u00a0Marie-Gold\u00a0(Canada)", "title": "\u00c0 l'Avenir", "type": "Song", "url": "https://genius.com/Marie-gold-canada-a-lavenir-lyrics"}, "annotations": [{"api_path": "/annotations/14540540", "body": {"plain": ""}, "comment_count": 0, "community": true, "custom_preview": null, "has_voters": false, "id": 14540540, "pinned": false, "share_url": "https://genius.com/14540540", "source": null, "state": "needs_exegesis", "url": "https://genius.com/14540540/Marie-gold-canada-a-lavenir/A-lavenir", "verified": false, "votes_total": 0, "current_user_metadata": {"permissions": [], "excluded_permissions": ["vote", "edit", "cosign", "uncosign", "destroy", "accept", "reject", "see_unreviewed", "clear_votes", "propose_edit_to", "pin_to_profile", "unpin_from_profile", "update_source", "edit_custom_preview", "create_comment"], "interactions": {"cosign": false, "pyong": false, "vote": null}, "iq_by_action": {}}, "authors": [{"attribution": 1.0, "pinned_role": null, "user": {"api_path": "/users/6384650", "avatar": {"tiny": {"url": "https://images.genius.com/avatars/tiny/471071f59d8f7eec3745d964ee748cbb", "bounding_box": {"width": 16, "height": 16}}, "thumb": {"url": "https://images.genius.com/avatars/thumb/471071f59d8f7eec3745d964ee748cbb", "bounding_box": {"width": 32, "height": 32}}, "small": {"url": "https://images.genius.com/avatars/small/471071f59d8f7eec3745d964ee748cbb", "bounding_box": {"width": 100, "height": 100}}, "medium": {"url": "https://images.genius.com/avatars/medium/471071f59d8f7eec3745d964ee748cbb", "bounding_box": {"width": 300, "height": 400}}}, "header_image_url": "https://images.genius.com/avatars/medium/471071f59d8f7eec3745d964ee748cbb", "human_readable_role_for_display": null, "id": 6384650, "iq": 187, "login": "ChloPilonVaillancourt", "name": "ChloPilonVaillancourt", "role_for_display": null, "url": "https://genius.com/ChloPilonVaillancourt", "current_user_metadata": {"permissions": [], "excluded_permissions": ["follow"], "interactions": {"following": false}, "features": []}}}], "cosigned_by": [], "rejection_comment": null, "verified_by": null}]}, "featured_artists": [], "lyrics_marked_complete_by": null, "media": [{"attribution": "marie goldie", "provider": "soundcloud", "type": "audio", "url": "https://soundcloud.com/marie-goldie/06-alavenir-final-mariegold"}, {"provider": "youtube", "start": 0, "type": "video", "url": "http://www.youtube.com/watch?v=jcyjxlSHCxA"}], "primary_artist": {"api_path": "/artists/1197739", "header_image_url": "https://images.genius.com/029d5f2b0043e9983f24c2ab30b13a2e.287x287x1.jpg", "id": 1197739, "image_url": "https://images.genius.com/029d5f2b0043e9983f24c2ab30b13a2e.287x287x1.jpg", "is_meme_verified": false, "is_verified": false, "name": "Marie-Gold (Canada)", "url": "https://genius.com/artists/Marie-gold-canada"}, "producer_artists": [{"api_path": "/artists/1197739", "header_image_url": "https://images.genius.com/029d5f2b0043e9983f24c2ab30b13a2e.287x287x1.jpg", "id": 1197739, "image_url": "https://images.genius.com/029d5f2b0043e9983f24c2ab30b13a2e.287x287x1.jpg", "is_meme_verified": false, "is_verified": false, "name": "Marie-Gold (Canada)", "url": "https://genius.com/artists/Marie-gold-canada"}], "song_relationships": [{"type": "samples", "songs": []}, {"type": "sampled_in", "songs": []}, {"type": "interpolates", "songs": []}, {"type": "interpolated_by", "songs": []}, {"type": "cover_of", "songs": []}, {"type": "covered_by", "songs": []}, {"type": "remix_of", "songs": []}, {"type": "remixed_by", "songs": []}, {"type": "live_version_of", "songs": []}, {"type": "performed_live_as", "songs": []}], "verified_annotations_by": [], "verified_contributors": [], "verified_lyrics_by": [], "writer_artists": [{"api_path": "/artists/1197739", "header_image_url": "https://images.genius.com/029d5f2b0043e9983f24c2ab30b13a2e.287x287x1.jpg", "id": 1197739, "image_url": "https://images.genius.com/029d5f2b0043e9983f24c2ab30b13a2e.287x287x1.jpg", "is_meme_verified": false, "is_verified": false, "name": "Marie-Gold (Canada)", "url": "https://genius.com/artists/Marie-gold-canada"}], "lyrics": "\u00c0 l\u2019avenir je serai du monde\nAurai plus de chansons que d\u2019annonces\nPlus de mentions que de mensonges\nDe comptes r\u00e9gl\u00e9s que de ran\u00e7ons\n\u00c0 l\u2019avenir j\u2019surferai sur les pause-d\u00e9tente\nMe l\u00e8verai que si le sol me bounce\nMe plaignerai plus d\u2019\u00eatre seule au monde avec mes fant\u00f4mes\nJ\u2019compte les secondes\nConte des mensonges\nContre les nons\nNow j\u2019cong\u00e8le mon son pour l\u2019avenir, je g\u00e8re les d\u00e9mons et squeeze les lemons\nLonge les lounges\nAllonge mes jambes, yeah j\u2019me pose\nJ\u2019fronte plus comme avant\nJ\u2019ai un umbrella m\u00eame si la pluie tombe comme avant\nYeah now je pense \u00e0 l\u2019avenir\nJ\u2019m\u2019accroche \u00e0 rien\nM\u00eame si certains s\u2019pendent \u00e0 mes l\u00e8vres comme moi \u00e0 une prod de ma main\nJ\u2019laisse les songes aux songeurs\nLes faibles proses aux poseurs\nJ\u2019passe l\u2019\u00e9ponge sur les modes d\u00e8g'\nMe r\u00e9veille \u00e0 l\u2019aube puis je d\u00e9jeune\n\nRefrain :\n\u00c0 l\u2019avenir, \u00e0 l\u2019avenir yeah yeah\nToast \u00e0 l\u2019avenir, \u00e0 l\u2019avenir yeah yeah\n\n\u00c0 l\u2019avenir j\u2019\u00e9couterai les conseils si \u00e7a me chante\n\u00c0 l\u2019avenir j\u2019irai dans des concerts que si c\u2019est moi qui chante\nJ\u2019m\u2019en laverai les mains, serai clean sans passer de savon\nPour pas m\u2019r\u00e9veiller \u00e0 trente avec plus de sang d\u2019encre que de sons\n\n\u00c0 l\u2019avenir j\u2019prendrai mon mal en patience quand j\u2019aurai le temps\nSuivrai plus la cadence du pass\u00e9 car pr\u00e9sentement c\u2019est dans l\u2019avenir que j\u2019investis\nJe sais qu\u2019il va me backer\u2026 God damn\nJ\u2019esp\u00e8re qu\u2019il va me backer\n\n/\nUs\u00e9e de ruse, fait mon possible contre le pass\u00e9\nVu des muses s\u2019effondrer dans d\u2019mauvaises postures\nJ\u2019fais moins d\u2019beaux yeux que d\u2019oseille\nMoins d\u2019posters que de choses honn\u00eates\nMoins de wet dream que de sweet dream - mais \u00e7a il faut que \u00e7a change \u00e0 l\u2019avenir\nJ\u2019ai pass\u00e9 toute ma vie \u00e0 \u00eatre original\nPuis j\u2019ai bien compris que la porte de sortie aura flash\u00e9 qu\u2019pour les autres\nYeah j\u2019p\u00e8se mes mots\nR\u00eave d\u2019\u00eatre astronaute\nLes rationals, j\u2019me cache d\u2019eux autres\nNow vivre que d\u2019love pis d\u2019H20\nJ\u2019l\u2019\u00e9vite seule vers le maximum\nPlus jamais sur le bench, god damn, yeah il s\u2019est pass\u00e9 l\u2019mot\nJ\u2019ai \u00e9t\u00e9 patiente mais now j\u2019\u00e9vite l\u2019effet placebo\nSo j\u2019fais mon possible\nPlus que c\u2019qui est possible\nOn m\u2019a dit \u201cSois pas l\u00e0 inque parce que t\u2019es une fille\u201d\nWhat can I do j\u2019suis n\u00e9e de m\u00eame I gotta live\n\nRefrain"}}, {"title": "Big Brain", "album": "Goal : Une M\u00e9lodie", "year": "2018-05-11", "lyrics": "Pas de disclaim, \u00e0 mi-chemin : build a band puis miss le planning\nOn demand, on \u00e9tait main event, mais c\u2019est le Heineken qui hide la panique\nChacun son rythme - Qui peut suivre le mien?\nJ\u2019en ai parcouru des terrains, j\u2019en ai parcouru des terrains\nLe pion aujourd\u2019hui devient reine\nMastermind, t\u2019as pas \u00e0 me parler de m\u00eame\nJ\u2019ai un masque de fer hide pour ta face de prince\nCuz there ain't no Amen pour les Arlequins\nTu prends la place d\u2019instinct quand la place t'revient\nFace de sainte mais j\u2019suis une tannante\nSur ta game je suis time out\nTous les dieux que t\u2019implores won\u2019t give a fuck si t\u2019es pas de taille now\nCette ville m\u2019a vu ramper\nRester dans mes pantoufles\nMais si j\u2019avais des ailes best believe que cette ville me reverrait plus pantoute\nDans ta face je lis tant de doute\nDans la mienne tu vois tant de route\nEntre nous y\u2019en manque un boutte\nEntre nous on cancelle tout - right?\n\nYou've been tried to do this all your life\nJust trying to get recognize\nAnd all you got back was just enough to act\nSo you burn their ashes in your mind\n\nThe bigger the hoops, the bigger the brain\n\nLes gens \"a s'donnait tellement\"\nMais c\u2019est correct : elle se connait maintenant\nSi tu veux un conseil : don\u2019t mess around\nJ\u2019ai un parcours sinueux mais pas moins excellent\nMight be R.I.P. dans ton r\u00e9seau, better this qu'en th\u00e9rapie avec vous autres\nSois rigoureuse c\u2019est mon moto\nToi tu meurs dans la vingtaine de ton fomo\nSi j'feele alone, et que je veux hit the road\nJe me console de pas juste \u00eatre encore la fille de l\u2019autre\nEt tous ces fils de hoes, \u00e0 force de fuir le monde\nVerront plus le soleil quand je leur ferai de l\u2019ombre\nJamais en sleeper mode\nJamais le temps de feeler mauve\nLoad as f*ck sur la Visa Gold, d\u00e9j\u00e0 mieux qu\u2019\u00eatre en pause et de vivre on hold\nAu lieu de get waisted fille, face it\nPour rule le Qu\u00e9bec y\u2019en a pas de facile\nT\u2019attires ce que tu pratiques - So tu t\u2019obstines\nT\u2019attires ce que tu pratiques - So tu l\u2019obtiens\nJ\u2019suis pas trop s\u00e9v\u00e8re mais toi trop aust\u00e8re\nHostile, rien \u00e0 dire, sur ma haute chaise\nJ\u2019 feele le pain, du si peu que tu te consid\u00e8res\n- Moi c\u2019est pour mon big brain que j\u2019ai une grosse t\u00eate\n\nThe bigger the hoops, the bigger the brain\n\nYou've been tried to do this all your life\nJust trying to get recognize\nAnd all you got back was just enough to act\nSo you burn their ashes in your mind", "image": "https://images.genius.com/1d1ad8878ca9c4f1be263fa8f897ec38.1000x1000x1.jpg", "artist": "Marie-Gold (Canada)", "raw": {"annotation_count": 0, "api_path": "/songs/3711976", "apple_music_id": "1381521504", "apple_music_player_url": "https://genius.com/songs/3711976/apple_music_player", "description": {"plain": "?"}, "embed_content": "<div id='rg_embed_link_3711976' class='rg_embed_link' data-song-id='3711976'>Read <a href='https://genius.com/Marie-gold-canada-big-brain-lyrics'>\u201cBig Brain\u201d by Marie-Gold\u00a0(Canada)</a> on Genius</div> <script crossorigin src='//genius.com/songs/3711976/embed.js'></script>", "featured_video": false, "full_title": "Big Brain by\u00a0Marie-Gold\u00a0(Canada)", "header_image_thumbnail_url": "https://images.genius.com/1d1ad8878ca9c4f1be263fa8f897ec38.300x300x1.jpg", "header_image_url": "https://images.genius.com/1d1ad8878ca9c4f1be263fa8f897ec38.1000x1000x1.jpg", "id": 3711976, "lyrics_owner_id": 6384650, "lyrics_state": "complete", "path": "/Marie-gold-canada-big-brain-lyrics", "pyongs_count": null, "recording_location": null, "release_date": "2018-05-11", "song_art_image_thumbnail_url": "https://images.genius.com/1d1ad8878ca9c4f1be263fa8f897ec38.300x300x1.jpg", "song_art_image_url": "https://images.genius.com/1d1ad8878ca9c4f1be263fa8f897ec38.1000x1000x1.jpg", "stats": {"accepted_annotations": 0, "contributors": 2, "hot": false, "iq_earners": 2, "transcribers": 1, "unreviewed_annotations": 0, "verified_annotations": 0}, "title": "Big Brain", "title_with_featured": "Big Brain", "url": "https://genius.com/Marie-gold-canada-big-brain-lyrics", "current_user_metadata": {"permissions": ["view_apple_music_player", "create_comment", "view_song_story_gallery"], "excluded_permissions": ["follow", "award_transcription_iq", "remove_transcription_iq", "see_pageviews", "pyong", "edit_lyrics", "view_annotation_engagement_data", "publish", "unpublish", "edit_spotify_details", "hide", "unhide", "toggle_featured_video", "add_pinned_annotation_to", "add_community_annotation_to", "destroy", "mark_as_not_spam", "edit_spotify_annotations_for", "verify_lyrics", "unverify_lyrics", "edit_anything", "edit_any_media", "edit", "rename", "edit_tags", "watch_fact_track", "reindex", "view_lyrics_synchronization", "enable_media", "disable_media", "edit_lyrics_or_annotation_brackets", "see_editorial_indicators", "view_attribution_visualization", "edit_annotation_brackets", "preview_lyrics_for_export", "hide_apple_player", "unhide_apple_player", "trigger_apple_match", "mark_lyrics_evaluation_as_approved", "mark_lyrics_evaluation_as_staff_approved", "mark_lyrics_evaluation_as_unapproved", "mark_lyrics_evaluation_as_un_staff_approved", "view_transcriber_media_player", "override_apple_match", "edit_youtube_url", "edit_soundcloud_url", "edit_spotify_uuid", "edit_vevo_url", "moderate_annotations", "create_annotation", "see_short_id", "manage_chart_item", "create_tag", "propose_lyrics_edit", "moderate_lyrics_edit_proposals"], "interactions": {"pyong": false, "following": false}, "relationships": {}, "iq_by_action": {}}, "album": {"api_path": "/albums/428396", "cover_art_url": "https://images.genius.com/1d1ad8878ca9c4f1be263fa8f897ec38.1000x1000x1.jpg", "full_title": "Goal : Une M\u00e9lodie by Marie-Gold (Canada)", "id": 428396, "name": "Goal : Une M\u00e9lodie", "url": "https://genius.com/albums/Marie-gold-canada/Goal-une-melodie", "artist": {"api_path": "/artists/1197739", "header_image_url": "https://images.genius.com/029d5f2b0043e9983f24c2ab30b13a2e.287x287x1.jpg", "id": 1197739, "image_url": "https://images.genius.com/029d5f2b0043e9983f24c2ab30b13a2e.287x287x1.jpg", "is_meme_verified": false, "is_verified": false, "name": "Marie-Gold (Canada)", "url": "https://genius.com/artists/Marie-gold-canada"}}, "custom_performances": [{"label": "Clip Director", "artists": [{"api_path": "/artists/1626869", "header_image_url": "https://images.genius.com/d5077cbdd6c133822bc0990059075a37.423x206x1.png", "id": 1626869, "image_url": "https://images.genius.com/753188eaf6d2a04362856734d85171ad.837x837x1.png", "is_meme_verified": false, "is_verified": false, "name": "Jean Vital Joliat", "url": "https://genius.com/artists/Jean-vital-joliat"}]}], "description_annotation": {"_type": "referent", "annotator_id": 6384650, "annotator_login": "ChloPilonVaillancourt", "api_path": "/referents/14540263", "classification": "needs_exegesis", "fragment": "Big Brain", "id": 14540263, "is_description": true, "path": "/14540263/Marie-gold-canada-big-brain/Big-brain", "range": {"content": "Big Brain"}, "song_id": 3711976, "url": "https://genius.com/14540263/Marie-gold-canada-big-brain/Big-brain", "verified_annotator_ids": [], "annotatable": {"api_path": "/songs/3711976", "client_timestamps": {"updated_by_human_at": 1541269630, "lyrics_updated_at": 1526061543}, "context": "Marie-Gold (Canada)", "id": 3711976, "image_url": "https://images.genius.com/1d1ad8878ca9c4f1be263fa8f897ec38.1000x1000x1.jpg", "link_title": "Big Brain by\u00a0Marie-Gold\u00a0(Canada)", "title": "Big Brain", "type": "Song", "url": "https://genius.com/Marie-gold-canada-big-brain-lyrics"}, "annotations": [{"api_path": "/annotations/14540263", "body": {"plain": ""}, "comment_count": 0, "community": true, "custom_preview": null, "has_voters": false, "id": 14540263, "pinned": false, "share_url": "https://genius.com/14540263", "source": null, "state": "needs_exegesis", "url": "https://genius.com/14540263/Marie-gold-canada-big-brain/Big-brain", "verified": false, "votes_total": 0, "current_user_metadata": {"permissions": [], "excluded_permissions": ["vote", "edit", "cosign", "uncosign", "destroy", "accept", "reject", "see_unreviewed", "clear_votes", "propose_edit_to", "pin_to_profile", "unpin_from_profile", "update_source", "edit_custom_preview", "create_comment"], "interactions": {"cosign": false, "pyong": false, "vote": null}, "iq_by_action": {}}, "authors": [{"attribution": 1.0, "pinned_role": null, "user": {"api_path": "/users/6384650", "avatar": {"tiny": {"url": "https://images.genius.com/avatars/tiny/471071f59d8f7eec3745d964ee748cbb", "bounding_box": {"width": 16, "height": 16}}, "thumb": {"url": "https://images.genius.com/avatars/thumb/471071f59d8f7eec3745d964ee748cbb", "bounding_box": {"width": 32, "height": 32}}, "small": {"url": "https://images.genius.com/avatars/small/471071f59d8f7eec3745d964ee748cbb", "bounding_box": {"width": 100, "height": 100}}, "medium": {"url": "https://images.genius.com/avatars/medium/471071f59d8f7eec3745d964ee748cbb", "bounding_box": {"width": 300, "height": 400}}}, "header_image_url": "https://images.genius.com/avatars/medium/471071f59d8f7eec3745d964ee748cbb", "human_readable_role_for_display": null, "id": 6384650, "iq": 187, "login": "ChloPilonVaillancourt", "name": "ChloPilonVaillancourt", "role_for_display": null, "url": "https://genius.com/ChloPilonVaillancourt", "current_user_metadata": {"permissions": [], "excluded_permissions": ["follow"], "interactions": {"following": false}, "features": []}}}], "cosigned_by": [], "rejection_comment": null, "verified_by": null}]}, "featured_artists": [], "lyrics_marked_complete_by": null, "media": [{"attribution": "marie goldie", "provider": "soundcloud", "type": "audio", "url": "https://soundcloud.com/marie-goldie/03-bigbrain-final-mariegold"}, {"provider": "youtube", "start": 0, "type": "video", "url": "http://www.youtube.com/watch?v=UWTy9wI9RsQ"}], "primary_artist": {"api_path": "/artists/1197739", "header_image_url": "https://images.genius.com/029d5f2b0043e9983f24c2ab30b13a2e.287x287x1.jpg", "id": 1197739, "image_url": "https://images.genius.com/029d5f2b0043e9983f24c2ab30b13a2e.287x287x1.jpg", "is_meme_verified": false, "is_verified": false, "name": "Marie-Gold (Canada)", "url": "https://genius.com/artists/Marie-gold-canada"}, "producer_artists": [{"api_path": "/artists/1197739", "header_image_url": "https://images.genius.com/029d5f2b0043e9983f24c2ab30b13a2e.287x287x1.jpg", "id": 1197739, "image_url": "https://images.genius.com/029d5f2b0043e9983f24c2ab30b13a2e.287x287x1.jpg", "is_meme_verified": false, "is_verified": false, "name": "Marie-Gold (Canada)", "url": "https://genius.com/artists/Marie-gold-canada"}], "song_relationships": [{"type": "samples", "songs": []}, {"type": "sampled_in", "songs": []}, {"type": "interpolates", "songs": []}, {"type": "interpolated_by", "songs": []}, {"type": "cover_of", "songs": []}, {"type": "covered_by", "songs": []}, {"type": "remix_of", "songs": []}, {"type": "remixed_by", "songs": []}, {"type": "live_version_of", "songs": []}, {"type": "performed_live_as", "songs": []}], "verified_annotations_by": [], "verified_contributors": [], "verified_lyrics_by": [], "writer_artists": [{"api_path": "/artists/1197739", "header_image_url": "https://images.genius.com/029d5f2b0043e9983f24c2ab30b13a2e.287x287x1.jpg", "id": 1197739, "image_url": "https://images.genius.com/029d5f2b0043e9983f24c2ab30b13a2e.287x287x1.jpg", "is_meme_verified": false, "is_verified": false, "name": "Marie-Gold (Canada)", "url": "https://genius.com/artists/Marie-gold-canada"}], "lyrics": "Pas de disclaim, \u00e0 mi-chemin : build a band puis miss le planning\nOn demand, on \u00e9tait main event, mais c\u2019est le Heineken qui hide la panique\nChacun son rythme - Qui peut suivre le mien?\nJ\u2019en ai parcouru des terrains, j\u2019en ai parcouru des terrains\nLe pion aujourd\u2019hui devient reine\nMastermind, t\u2019as pas \u00e0 me parler de m\u00eame\nJ\u2019ai un masque de fer hide pour ta face de prince\nCuz there ain't no Amen pour les Arlequins\nTu prends la place d\u2019instinct quand la place t'revient\nFace de sainte mais j\u2019suis une tannante\nSur ta game je suis time out\nTous les dieux que t\u2019implores won\u2019t give a fuck si t\u2019es pas de taille now\nCette ville m\u2019a vu ramper\nRester dans mes pantoufles\nMais si j\u2019avais des ailes best believe que cette ville me reverrait plus pantoute\nDans ta face je lis tant de doute\nDans la mienne tu vois tant de route\nEntre nous y\u2019en manque un boutte\nEntre nous on cancelle tout - right?\n\nYou've been tried to do this all your life\nJust trying to get recognize\nAnd all you got back was just enough to act\nSo you burn their ashes in your mind\n\nThe bigger the hoops, the bigger the brain\n\nLes gens \"a s'donnait tellement\"\nMais c\u2019est correct : elle se connait maintenant\nSi tu veux un conseil : don\u2019t mess around\nJ\u2019ai un parcours sinueux mais pas moins excellent\nMight be R.I.P. dans ton r\u00e9seau, better this qu'en th\u00e9rapie avec vous autres\nSois rigoureuse c\u2019est mon moto\nToi tu meurs dans la vingtaine de ton fomo\nSi j'feele alone, et que je veux hit the road\nJe me console de pas juste \u00eatre encore la fille de l\u2019autre\nEt tous ces fils de hoes, \u00e0 force de fuir le monde\nVerront plus le soleil quand je leur ferai de l\u2019ombre\nJamais en sleeper mode\nJamais le temps de feeler mauve\nLoad as f*ck sur la Visa Gold, d\u00e9j\u00e0 mieux qu\u2019\u00eatre en pause et de vivre on hold\nAu lieu de get waisted fille, face it\nPour rule le Qu\u00e9bec y\u2019en a pas de facile\nT\u2019attires ce que tu pratiques - So tu t\u2019obstines\nT\u2019attires ce que tu pratiques - So tu l\u2019obtiens\nJ\u2019suis pas trop s\u00e9v\u00e8re mais toi trop aust\u00e8re\nHostile, rien \u00e0 dire, sur ma haute chaise\nJ\u2019 feele le pain, du si peu que tu te consid\u00e8res\n- Moi c\u2019est pour mon big brain que j\u2019ai une grosse t\u00eate\n\nThe bigger the hoops, the bigger the brain\n\nYou've been tried to do this all your life\nJust trying to get recognize\nAnd all you got back was just enough to act\nSo you burn their ashes in your mind"}}, {"title": "BLASST #61", "album": "BLASST SAISON 4", "year": "2019-01-06", "lyrics": "L\u2019hiver j\u2019reste en dedans, c\u2019est propice \u00e0 la cr\u00e9a'\nJ\u2019accumule les cr\u00e9ances, r\u00eave de Sud et de Kremas\nAucune cl\u00e9mence sur le chauffage\nC\u2019est l\u2019temps qui faut qu\u2019on s\u2019garde\nSi j\u2019suis en avance c\u2019parce que c\u2019est showtime\nJamais \u00e9t\u00e9 autant \u00e0 l\u2019arrache - fuck!\nFaut croire que \u00e7a marche sous les spotlights\nSi mon projet prend des couleurs yeah, ce sera p\u2019t\u2019\u00eate gr\u00e2ce au tan\nJ\u2019accumule les automnes, piges tombent \u00e0 la tonne, tu peux l\u2019entendre qu\u2019au timbre\nHautaine un choix mais j\u2019pr\u00e9f\u00e8re que l\u2019on dise qu\u2019on m\u2019aime\nJ\u2019veux juste let go\nDans ce business les vrais checks sur ma liste still que quand je m\u2019expose, wait\nSur un  beat avec d\u00e9licatesse\nDans un d\u00e9lit qu\u2019apr\u00e8s avoir d\u00e9valis\u00e9 la pi\u00e8ce tu peux lire sur mes l\u00e8vres : \u00ab la best \u00bb\nWorkaholic, tant d\u2019love \u00e0 donner\nInque \u00e7a que j\u2019demande\nDevenir kickeuse pour les kids\nSoccer mom\nLe talent \u00e7a s\u2019commande pas, suck it up\nL\u2019succ\u00e8s des autres me drivent\nSi \u00e7a m\u2019fait chier dins ponts, il faut qu\u2019j\u2019le fasse\nD\u2019la mis\u00e8re \u00e0 admettre que j\u2019a besoin des autres\n110% dans cette joke, coast to Coast, oh my god\nLe reste son pesant d\u2019or, Marie-Gold bling bling\nJamais sera gone, m\u00eame quand j\u2019aurai un p\u2019tit b\u00e9b\u00e9\nJ\u2019veux r\u00e9colter plus que c\u2019que j\u2019m\u00e9rite\nFake it \u2019til you make it c\u2019est d\u2019sunglasses qui faut que j\u2019m\u2019\u00e9quipe\nTu peux t\u2019occuper \u00e0 m\u2019achaler, moi j\u2019ai pas l\u2019temps\nJ\u2019laisse la vache \u00e0 lait au pasteur et la marche \u00e0 pied au passant\nGimme a five, j\u2019ai rien d\u2019mieux \u00e0 faire now\n\u00c0 part inviter tous les fucking haineux \u00e0 s\u2019taire\nLes vrais, peuvent me regarder dans les yeux asteur\nJ\u2019r\u00eave d\u2019une vie aust\u00e8re : chalet, valet, bonheur \u00e0 deux salaires\nCar j\u2019reste \u00e9cart\u00e9e du chemin pav\u00e9\nBelieve me I can tell still que j\u2019en ai bav\u00e9\nQuand envieuse j\u2019la mets en veilleuse like \u201cc\u2019est m\u00eame pas vrai\u201d\nJ\u2019ai fais des mistakes, et je m\u2019aime pareil\nJ\u2019veux juste let go\nDans ce business les vrais checks sur ma liste still que quand je m\u2019expose, wait\nSur un beat avec d\u00e9licatesse\nDans un d\u00e9lit qu\u2019apr\u00e8s avoir d\u00e9valis\u00e9 la pi\u00e8ce tu peux lire sur mes l\u00e8vres", "image": "https://images.genius.com/029d5f2b0043e9983f24c2ab30b13a2e.287x287x1.jpg", "artist": "Marie-Gold (Canada)", "raw": {"annotation_count": 0, "api_path": "/songs/4211118", "apple_music_id": null, "apple_music_player_url": "https://genius.com/songs/4211118/apple_music_player", "description": {"plain": "?"}, "embed_content": "<div id='rg_embed_link_4211118' class='rg_embed_link' data-song-id='4211118'>Read <a href='https://genius.com/Marie-gold-canada-blasst-61-lyrics'>\u201cBLASST #61\u201d by Marie-Gold\u00a0(Canada)</a> on Genius</div> <script crossorigin src='//genius.com/songs/4211118/embed.js'></script>", "featured_video": false, "full_title": "BLASST #61 by\u00a0Marie-Gold\u00a0(Canada)", "header_image_thumbnail_url": "https://images.genius.com/029d5f2b0043e9983f24c2ab30b13a2e.287x287x1.jpg", "header_image_url": "https://images.genius.com/029d5f2b0043e9983f24c2ab30b13a2e.287x287x1.jpg", "id": 4211118, "lyrics_owner_id": 1201983, "lyrics_state": "complete", "path": "/Marie-gold-canada-blasst-61-lyrics", "pyongs_count": null, "recording_location": null, "release_date": "2019-01-06", "song_art_image_thumbnail_url": "https://images.genius.com/029d5f2b0043e9983f24c2ab30b13a2e.287x287x1.jpg", "song_art_image_url": "https://images.genius.com/029d5f2b0043e9983f24c2ab30b13a2e.287x287x1.jpg", "stats": {"accepted_annotations": 0, "contributors": 1, "hot": false, "iq_earners": 1, "transcribers": 1, "unreviewed_annotations": 0, "verified_annotations": 0}, "title": "BLASST #61", "title_with_featured": "BLASST #61", "url": "https://genius.com/Marie-gold-canada-blasst-61-lyrics", "current_user_metadata": {"permissions": ["view_apple_music_player", "create_comment", "view_song_story_gallery"], "excluded_permissions": ["follow", "award_transcription_iq", "remove_transcription_iq", "see_pageviews", "pyong", "edit_lyrics", "view_annotation_engagement_data", "publish", "unpublish", "edit_spotify_details", "hide", "unhide", "toggle_featured_video", "add_pinned_annotation_to", "add_community_annotation_to", "destroy", "mark_as_not_spam", "edit_spotify_annotations_for", "verify_lyrics", "unverify_lyrics", "edit_anything", "edit_any_media", "edit", "rename", "edit_tags", "watch_fact_track", "reindex", "view_lyrics_synchronization", "enable_media", "disable_media", "edit_lyrics_or_annotation_brackets", "see_editorial_indicators", "view_attribution_visualization", "edit_annotation_brackets", "preview_lyrics_for_export", "hide_apple_player", "unhide_apple_player", "trigger_apple_match", "mark_lyrics_evaluation_as_approved", "mark_lyrics_evaluation_as_staff_approved", "mark_lyrics_evaluation_as_unapproved", "mark_lyrics_evaluation_as_un_staff_approved", "view_transcriber_media_player", "override_apple_match", "edit_youtube_url", "edit_soundcloud_url", "edit_spotify_uuid", "edit_vevo_url", "moderate_annotations", "create_annotation", "see_short_id", "manage_chart_item", "create_tag", "propose_lyrics_edit", "moderate_lyrics_edit_proposals"], "interactions": {"pyong": false, "following": false}, "relationships": {}, "iq_by_action": {}}, "album": {"api_path": "/albums/494041", "cover_art_url": "https://assets.genius.com/images/default_cover_art.png?1550179390", "full_title": "BLASST SAISON 4 by LNSK Productions", "id": 494041, "name": "BLASST SAISON 4", "url": "https://genius.com/albums/Lnsk-productions/Blasst-saison-4", "artist": {"api_path": "/artists/1254814", "header_image_url": "https://assets.genius.com/images/default_avatar_300.png?1550179390", "id": 1254814, "image_url": "https://assets.genius.com/images/default_avatar_300.png?1550179390", "is_meme_verified": false, "is_verified": false, "name": "LNSK Productions", "url": "https://genius.com/artists/Lnsk-productions"}}, "custom_performances": [], "description_annotation": {"_type": "referent", "annotator_id": 1201983, "annotator_login": "lvpvs", "api_path": "/referents/16170269", "classification": "needs_exegesis", "fragment": "BLASST #61", "id": 16170269, "is_description": true, "path": "/16170269/Marie-gold-canada-blasst-61/Blasst-61", "range": {"content": "BLASST #61"}, "song_id": 4211118, "url": "https://genius.com/16170269/Marie-gold-canada-blasst-61/Blasst-61", "verified_annotator_ids": [], "annotatable": {"api_path": "/songs/4211118", "client_timestamps": {"updated_by_human_at": 1546830262, "lyrics_updated_at": 1546820232}, "context": "Marie-Gold (Canada)", "id": 4211118, "image_url": "https://images.genius.com/029d5f2b0043e9983f24c2ab30b13a2e.287x287x1.jpg", "link_title": "BLASST #61 by\u00a0Marie-Gold\u00a0(Canada)", "title": "BLASST #61", "type": "Song", "url": "https://genius.com/Marie-gold-canada-blasst-61-lyrics"}, "annotations": [{"api_path": "/annotations/16170269", "body": {"plain": ""}, "comment_count": 0, "community": true, "custom_preview": null, "has_voters": false, "id": 16170269, "pinned": false, "share_url": "https://genius.com/16170269", "source": null, "state": "needs_exegesis", "url": "https://genius.com/16170269/Marie-gold-canada-blasst-61/Blasst-61", "verified": false, "votes_total": 0, "current_user_metadata": {"permissions": [], "excluded_permissions": ["vote", "edit", "cosign", "uncosign", "destroy", "accept", "reject", "see_unreviewed", "clear_votes", "propose_edit_to", "pin_to_profile", "unpin_from_profile", "update_source", "edit_custom_preview", "create_comment"], "interactions": {"cosign": false, "pyong": false, "vote": null}, "iq_by_action": {}}, "authors": [{"attribution": 1.0, "pinned_role": null, "user": {"api_path": "/users/1201983", "avatar": {"tiny": {"url": "https://s3.amazonaws.com/filepicker-images-rapgenius/6xu65ktr59n", "bounding_box": {"width": 16, "height": 16}}, "thumb": {"url": "https://s3.amazonaws.com/filepicker-images-rapgenius/6xu65ktr59n", "bounding_box": {"width": 32, "height": 32}}, "small": {"url": "https://s3.amazonaws.com/filepicker-images-rapgenius/6xu65ktr59n", "bounding_box": {"width": 100, "height": 100}}, "medium": {"url": "https://s3.amazonaws.com/filepicker-images-rapgenius/6xu65ktr59n", "bounding_box": {"width": 300, "height": 400}}}, "header_image_url": "https://s3.amazonaws.com/filepicker-images-rapgenius/q9nwh13ry9", "human_readable_role_for_display": "Contributor", "id": 1201983, "iq": 205026, "login": "lvpvs", "name": "lvpvs", "role_for_display": "contributor", "url": "https://genius.com/lvpvs", "current_user_metadata": {"permissions": [], "excluded_permissions": ["follow"], "interactions": {"following": false}, "features": []}}}], "cosigned_by": [], "rejection_comment": null, "verified_by": null}]}, "featured_artists": [], "lyrics_marked_complete_by": null, "media": [{"provider": "youtube", "start": 0, "type": "video", "url": "http://www.youtube.com/watch?v=Zd7xI4d68vY"}], "primary_artist": {"api_path": "/artists/1197739", "header_image_url": "https://images.genius.com/029d5f2b0043e9983f24c2ab30b13a2e.287x287x1.jpg", "id": 1197739, "image_url": "https://images.genius.com/029d5f2b0043e9983f24c2ab30b13a2e.287x287x1.jpg", "is_meme_verified": false, "is_verified": false, "name": "Marie-Gold (Canada)", "url": "https://genius.com/artists/Marie-gold-canada"}, "producer_artists": [{"api_path": "/artists/343050", "header_image_url": "https://images.genius.com/c6182208e02f26caceffa76f47f5dc48.960x960x1.jpg", "id": 343050, "image_url": "https://images.genius.com/c6182208e02f26caceffa76f47f5dc48.960x960x1.jpg", "is_meme_verified": false, "is_verified": false, "name": "Mowley", "url": "https://genius.com/artists/Mowley"}], "song_relationships": [{"type": "samples", "songs": []}, {"type": "sampled_in", "songs": []}, {"type": "interpolates", "songs": []}, {"type": "interpolated_by", "songs": []}, {"type": "cover_of", "songs": []}, {"type": "covered_by", "songs": []}, {"type": "remix_of", "songs": []}, {"type": "remixed_by", "songs": []}, {"type": "live_version_of", "songs": []}, {"type": "performed_live_as", "songs": []}], "verified_annotations_by": [], "verified_contributors": [], "verified_lyrics_by": [], "writer_artists": [{"api_path": "/artists/1197739", "header_image_url": "https://images.genius.com/029d5f2b0043e9983f24c2ab30b13a2e.287x287x1.jpg", "id": 1197739, "image_url": "https://images.genius.com/029d5f2b0043e9983f24c2ab30b13a2e.287x287x1.jpg", "is_meme_verified": false, "is_verified": false, "name": "Marie-Gold (Canada)", "url": "https://genius.com/artists/Marie-gold-canada"}], "lyrics": "L\u2019hiver j\u2019reste en dedans, c\u2019est propice \u00e0 la cr\u00e9a'\nJ\u2019accumule les cr\u00e9ances, r\u00eave de Sud et de Kremas\nAucune cl\u00e9mence sur le chauffage\nC\u2019est l\u2019temps qui faut qu\u2019on s\u2019garde\nSi j\u2019suis en avance c\u2019parce que c\u2019est showtime\nJamais \u00e9t\u00e9 autant \u00e0 l\u2019arrache - fuck!\nFaut croire que \u00e7a marche sous les spotlights\nSi mon projet prend des couleurs yeah, ce sera p\u2019t\u2019\u00eate gr\u00e2ce au tan\nJ\u2019accumule les automnes, piges tombent \u00e0 la tonne, tu peux l\u2019entendre qu\u2019au timbre\nHautaine un choix mais j\u2019pr\u00e9f\u00e8re que l\u2019on dise qu\u2019on m\u2019aime\nJ\u2019veux juste let go\nDans ce business les vrais checks sur ma liste still que quand je m\u2019expose, wait\nSur un  beat avec d\u00e9licatesse\nDans un d\u00e9lit qu\u2019apr\u00e8s avoir d\u00e9valis\u00e9 la pi\u00e8ce tu peux lire sur mes l\u00e8vres : \u00ab la best \u00bb\nWorkaholic, tant d\u2019love \u00e0 donner\nInque \u00e7a que j\u2019demande\nDevenir kickeuse pour les kids\nSoccer mom\nLe talent \u00e7a s\u2019commande pas, suck it up\nL\u2019succ\u00e8s des autres me drivent\nSi \u00e7a m\u2019fait chier dins ponts, il faut qu\u2019j\u2019le fasse\nD\u2019la mis\u00e8re \u00e0 admettre que j\u2019a besoin des autres\n110% dans cette joke, coast to Coast, oh my god\nLe reste son pesant d\u2019or, Marie-Gold bling bling\nJamais sera gone, m\u00eame quand j\u2019aurai un p\u2019tit b\u00e9b\u00e9\nJ\u2019veux r\u00e9colter plus que c\u2019que j\u2019m\u00e9rite\nFake it \u2019til you make it c\u2019est d\u2019sunglasses qui faut que j\u2019m\u2019\u00e9quipe\nTu peux t\u2019occuper \u00e0 m\u2019achaler, moi j\u2019ai pas l\u2019temps\nJ\u2019laisse la vache \u00e0 lait au pasteur et la marche \u00e0 pied au passant\nGimme a five, j\u2019ai rien d\u2019mieux \u00e0 faire now\n\u00c0 part inviter tous les fucking haineux \u00e0 s\u2019taire\nLes vrais, peuvent me regarder dans les yeux asteur\nJ\u2019r\u00eave d\u2019une vie aust\u00e8re : chalet, valet, bonheur \u00e0 deux salaires\nCar j\u2019reste \u00e9cart\u00e9e du chemin pav\u00e9\nBelieve me I can tell still que j\u2019en ai bav\u00e9\nQuand envieuse j\u2019la mets en veilleuse like \u201cc\u2019est m\u00eame pas vrai\u201d\nJ\u2019ai fais des mistakes, et je m\u2019aime pareil\nJ\u2019veux juste let go\nDans ce business les vrais checks sur ma liste still que quand je m\u2019expose, wait\nSur un beat avec d\u00e9licatesse\nDans un d\u00e9lit qu\u2019apr\u00e8s avoir d\u00e9valis\u00e9 la pi\u00e8ce tu peux lire sur mes l\u00e8vres"}}, {"title": "La Vierge", "album": "Goal : Une M\u00e9lodie", "year": "2018-05-11", "lyrics": "I fuck in the studio 'cause I don\u2019t want to skip a beat\nI can say I\u2019m using you the same way you\u2019re using me\nI\u2019m a fucked up figure, boycotting witches, uptown liqueur, le fronting m\u2019\u00e9ccoeure\nI\u2019ll jump off the roof just to show you that I ain\u2019t got fear\nYou\u2019ll be / with me cause you are tired of groupies\nIf you push me I push you back without scusies\nI had girlfriends claiming how much they know me\nI had girlfriends now c\u2019est juste elles se sont soumises\n\nDon\u2019t try to fool me no more\nIls regardent des fourmis de haut\nLa Vierge but you don\u2019t wanna fuck with it\nLa chef qui va venir vous orchestrer\n\nDon\u2019t try to fool me to fool me no more\nJ\u2019ai failli perdre le Nord\nLa Vierge but you don\u2019t wanna fuck with it\n\nI\u2019ve been doing like this, you\u2019ve been doing like that\nI\u2019ve been working my shit I\u2019ve been working my ass\nI\u2019ve been counting money splitting too much in half\nNow if you say we\u2019re a team I\u2019ll be thinking twice\n\nDon\u2019t try to fool me no more\nJ\u2019ai failli perdre le Nord\nLa Vierge but you don\u2019t wanna fuck with it\n\nThey wanna see through my eyes and my hoodie\nWanna get the job done without getting sweaty\nEtsy betsy I ain\u2019t playing easy it\u2019s just integrity\u2019s watching all over me now\nDon\u2019t try to fool me no more\nLa Vierge c\u2019est d\u2019valeur la perd d\u00e8s qu\u2019un son sort\nJamais dans un autre lit que son lit de mort\nNow she don\u2019t give a fuck, it has to get out\n\nLa Vierge x4", "image": "https://images.genius.com/1d1ad8878ca9c4f1be263fa8f897ec38.1000x1000x1.jpg", "artist": "Marie-Gold (Canada)", "raw": {"annotation_count": 0, "api_path": "/songs/3712004", "apple_music_id": "1381521646", "apple_music_player_url": "https://genius.com/songs/3712004/apple_music_player", "description": {"plain": "?"}, "embed_content": "<div id='rg_embed_link_3712004' class='rg_embed_link' data-song-id='3712004'>Read <a href='https://genius.com/Marie-gold-canada-la-vierge-lyrics'>\u201cLa Vierge\u201d by Marie-Gold\u00a0(Canada)</a> on Genius</div> <script crossorigin src='//genius.com/songs/3712004/embed.js'></script>", "featured_video": false, "full_title": "La Vierge by\u00a0Marie-Gold\u00a0(Canada)", "header_image_thumbnail_url": "https://images.genius.com/1d1ad8878ca9c4f1be263fa8f897ec38.300x300x1.jpg", "header_image_url": "https://images.genius.com/1d1ad8878ca9c4f1be263fa8f897ec38.1000x1000x1.jpg", "id": 3712004, "lyrics_owner_id": 6384650, "lyrics_state": "complete", "path": "/Marie-gold-canada-la-vierge-lyrics", "pyongs_count": null, "recording_location": null, "release_date": "2018-05-11", "song_art_image_thumbnail_url": "https://images.genius.com/1d1ad8878ca9c4f1be263fa8f897ec38.300x300x1.jpg", "song_art_image_url": "https://images.genius.com/1d1ad8878ca9c4f1be263fa8f897ec38.1000x1000x1.jpg", "stats": {"accepted_annotations": 0, "contributors": 2, "hot": false, "iq_earners": 2, "transcribers": 1, "unreviewed_annotations": 0, "verified_annotations": 0}, "title": "La Vierge", "title_with_featured": "La Vierge", "url": "https://genius.com/Marie-gold-canada-la-vierge-lyrics", "current_user_metadata": {"permissions": ["view_apple_music_player", "create_comment", "view_song_story_gallery"], "excluded_permissions": ["follow", "award_transcription_iq", "remove_transcription_iq", "see_pageviews", "pyong", "edit_lyrics", "view_annotation_engagement_data", "publish", "unpublish", "edit_spotify_details", "hide", "unhide", "toggle_featured_video", "add_pinned_annotation_to", "add_community_annotation_to", "destroy", "mark_as_not_spam", "edit_spotify_annotations_for", "verify_lyrics", "unverify_lyrics", "edit_anything", "edit_any_media", "edit", "rename", "edit_tags", "watch_fact_track", "reindex", "view_lyrics_synchronization", "enable_media", "disable_media", "edit_lyrics_or_annotation_brackets", "see_editorial_indicators", "view_attribution_visualization", "edit_annotation_brackets", "preview_lyrics_for_export", "hide_apple_player", "unhide_apple_player", "trigger_apple_match", "mark_lyrics_evaluation_as_approved", "mark_lyrics_evaluation_as_staff_approved", "mark_lyrics_evaluation_as_unapproved", "mark_lyrics_evaluation_as_un_staff_approved", "view_transcriber_media_player", "override_apple_match", "edit_youtube_url", "edit_soundcloud_url", "edit_spotify_uuid", "edit_vevo_url", "moderate_annotations", "create_annotation", "see_short_id", "manage_chart_item", "create_tag", "propose_lyrics_edit", "moderate_lyrics_edit_proposals"], "interactions": {"pyong": false, "following": false}, "relationships": {}, "iq_by_action": {}}, "album": {"api_path": "/albums/428396", "cover_art_url": "https://images.genius.com/1d1ad8878ca9c4f1be263fa8f897ec38.1000x1000x1.jpg", "full_title": "Goal : Une M\u00e9lodie by Marie-Gold (Canada)", "id": 428396, "name": "Goal : Une M\u00e9lodie", "url": "https://genius.com/albums/Marie-gold-canada/Goal-une-melodie", "artist": {"api_path": "/artists/1197739", "header_image_url": "https://images.genius.com/029d5f2b0043e9983f24c2ab30b13a2e.287x287x1.jpg", "id": 1197739, "image_url": "https://images.genius.com/029d5f2b0043e9983f24c2ab30b13a2e.287x287x1.jpg", "is_meme_verified": false, "is_verified": false, "name": "Marie-Gold (Canada)", "url": "https://genius.com/artists/Marie-gold-canada"}}, "custom_performances": [], "description_annotation": {"_type": "referent", "annotator_id": 6384650, "annotator_login": "ChloPilonVaillancourt", "api_path": "/referents/14540334", "classification": "needs_exegesis", "fragment": "La Vierge", "id": 14540334, "is_description": true, "path": "/14540334/Marie-gold-canada-la-vierge/La-vierge", "range": {"content": "La Vierge"}, "song_id": 3712004, "url": "https://genius.com/14540334/Marie-gold-canada-la-vierge/La-vierge", "verified_annotator_ids": [], "annotatable": {"api_path": "/songs/3712004", "client_timestamps": {"updated_by_human_at": 1527273981, "lyrics_updated_at": 1526061846}, "context": "Marie-Gold (Canada)", "id": 3712004, "image_url": "https://images.genius.com/1d1ad8878ca9c4f1be263fa8f897ec38.1000x1000x1.jpg", "link_title": "La Vierge by\u00a0Marie-Gold\u00a0(Canada)", "title": "La Vierge", "type": "Song", "url": "https://genius.com/Marie-gold-canada-la-vierge-lyrics"}, "annotations": [{"api_path": "/annotations/14540334", "body": {"plain": ""}, "comment_count": 0, "community": true, "custom_preview": null, "has_voters": false, "id": 14540334, "pinned": false, "share_url": "https://genius.com/14540334", "source": null, "state": "needs_exegesis", "url": "https://genius.com/14540334/Marie-gold-canada-la-vierge/La-vierge", "verified": false, "votes_total": 0, "current_user_metadata": {"permissions": [], "excluded_permissions": ["vote", "edit", "cosign", "uncosign", "destroy", "accept", "reject", "see_unreviewed", "clear_votes", "propose_edit_to", "pin_to_profile", "unpin_from_profile", "update_source", "edit_custom_preview", "create_comment"], "interactions": {"cosign": false, "pyong": false, "vote": null}, "iq_by_action": {}}, "authors": [{"attribution": 1.0, "pinned_role": null, "user": {"api_path": "/users/6384650", "avatar": {"tiny": {"url": "https://images.genius.com/avatars/tiny/471071f59d8f7eec3745d964ee748cbb", "bounding_box": {"width": 16, "height": 16}}, "thumb": {"url": "https://images.genius.com/avatars/thumb/471071f59d8f7eec3745d964ee748cbb", "bounding_box": {"width": 32, "height": 32}}, "small": {"url": "https://images.genius.com/avatars/small/471071f59d8f7eec3745d964ee748cbb", "bounding_box": {"width": 100, "height": 100}}, "medium": {"url": "https://images.genius.com/avatars/medium/471071f59d8f7eec3745d964ee748cbb", "bounding_box": {"width": 300, "height": 400}}}, "header_image_url": "https://images.genius.com/avatars/medium/471071f59d8f7eec3745d964ee748cbb", "human_readable_role_for_display": null, "id": 6384650, "iq": 187, "login": "ChloPilonVaillancourt", "name": "ChloPilonVaillancourt", "role_for_display": null, "url": "https://genius.com/ChloPilonVaillancourt", "current_user_metadata": {"permissions": [], "excluded_permissions": ["follow"], "interactions": {"following": false}, "features": []}}}], "cosigned_by": [], "rejection_comment": null, "verified_by": null}]}, "featured_artists": [], "lyrics_marked_complete_by": null, "media": [{"attribution": "marie goldie", "provider": "soundcloud", "type": "audio", "url": "https://soundcloud.com/marie-goldie/04-lavierge-final-mariegold"}], "primary_artist": {"api_path": "/artists/1197739", "header_image_url": "https://images.genius.com/029d5f2b0043e9983f24c2ab30b13a2e.287x287x1.jpg", "id": 1197739, "image_url": "https://images.genius.com/029d5f2b0043e9983f24c2ab30b13a2e.287x287x1.jpg", "is_meme_verified": false, "is_verified": false, "name": "Marie-Gold (Canada)", "url": "https://genius.com/artists/Marie-gold-canada"}, "producer_artists": [{"api_path": "/artists/1197739", "header_image_url": "https://images.genius.com/029d5f2b0043e9983f24c2ab30b13a2e.287x287x1.jpg", "id": 1197739, "image_url": "https://images.genius.com/029d5f2b0043e9983f24c2ab30b13a2e.287x287x1.jpg", "is_meme_verified": false, "is_verified": false, "name": "Marie-Gold (Canada)", "url": "https://genius.com/artists/Marie-gold-canada"}], "song_relationships": [{"type": "samples", "songs": []}, {"type": "sampled_in", "songs": []}, {"type": "interpolates", "songs": []}, {"type": "interpolated_by", "songs": []}, {"type": "cover_of", "songs": []}, {"type": "covered_by", "songs": []}, {"type": "remix_of", "songs": []}, {"type": "remixed_by", "songs": []}, {"type": "live_version_of", "songs": []}, {"type": "performed_live_as", "songs": []}], "verified_annotations_by": [], "verified_contributors": [], "verified_lyrics_by": [], "writer_artists": [{"api_path": "/artists/1197739", "header_image_url": "https://images.genius.com/029d5f2b0043e9983f24c2ab30b13a2e.287x287x1.jpg", "id": 1197739, "image_url": "https://images.genius.com/029d5f2b0043e9983f24c2ab30b13a2e.287x287x1.jpg", "is_meme_verified": false, "is_verified": false, "name": "Marie-Gold (Canada)", "url": "https://genius.com/artists/Marie-gold-canada"}], "lyrics": "I fuck in the studio 'cause I don\u2019t want to skip a beat\nI can say I\u2019m using you the same way you\u2019re using me\nI\u2019m a fucked up figure, boycotting witches, uptown liqueur, le fronting m\u2019\u00e9ccoeure\nI\u2019ll jump off the roof just to show you that I ain\u2019t got fear\nYou\u2019ll be / with me cause you are tired of groupies\nIf you push me I push you back without scusies\nI had girlfriends claiming how much they know me\nI had girlfriends now c\u2019est juste elles se sont soumises\n\nDon\u2019t try to fool me no more\nIls regardent des fourmis de haut\nLa Vierge but you don\u2019t wanna fuck with it\nLa chef qui va venir vous orchestrer\n\nDon\u2019t try to fool me to fool me no more\nJ\u2019ai failli perdre le Nord\nLa Vierge but you don\u2019t wanna fuck with it\n\nI\u2019ve been doing like this, you\u2019ve been doing like that\nI\u2019ve been working my shit I\u2019ve been working my ass\nI\u2019ve been counting money splitting too much in half\nNow if you say we\u2019re a team I\u2019ll be thinking twice\n\nDon\u2019t try to fool me no more\nJ\u2019ai failli perdre le Nord\nLa Vierge but you don\u2019t wanna fuck with it\n\nThey wanna see through my eyes and my hoodie\nWanna get the job done without getting sweaty\nEtsy betsy I ain\u2019t playing easy it\u2019s just integrity\u2019s watching all over me now\nDon\u2019t try to fool me no more\nLa Vierge c\u2019est d\u2019valeur la perd d\u00e8s qu\u2019un son sort\nJamais dans un autre lit que son lit de mort\nNow she don\u2019t give a fuck, it has to get out\n\nLa Vierge x4"}}, {"title": "Le cr\u00eape (interlude)", "album": "Goal : Une M\u00e9lodie", "year": "2018-05-11", "lyrics": "\u2014 C\u2019est le propre des esprits affaiblis de voir toutes choses \u00e0 travers un cr\u00eape\u202f; c\u2019est l\u2019\u00e2me qui se fait \u00e0 elle-m\u00eame ses horizons\u202f: votre \u00e2me est sombre, c\u2019est elle qui vous fait un ciel orageux", "image": "https://images.genius.com/1d1ad8878ca9c4f1be263fa8f897ec38.1000x1000x1.jpg", "artist": "Marie-Gold (Canada)", "raw": {"annotation_count": 0, "api_path": "/songs/3742860", "apple_music_id": "1381521649", "apple_music_player_url": "https://genius.com/songs/3742860/apple_music_player", "description": {"plain": "?"}, "embed_content": "<div id='rg_embed_link_3742860' class='rg_embed_link' data-song-id='3742860'>Read <a href='https://genius.com/Marie-gold-canada-le-crepe-interlude-lyrics'>\u201cLe cr\u00eape (interlude)\u201d by Marie-Gold\u00a0(Canada)</a> on Genius</div> <script crossorigin src='//genius.com/songs/3742860/embed.js'></script>", "featured_video": false, "full_title": "Le cr\u00eape (interlude) by\u00a0Marie-Gold\u00a0(Canada)", "header_image_thumbnail_url": "https://images.genius.com/1d1ad8878ca9c4f1be263fa8f897ec38.300x300x1.jpg", "header_image_url": "https://images.genius.com/1d1ad8878ca9c4f1be263fa8f897ec38.1000x1000x1.jpg", "id": 3742860, "lyrics_owner_id": 2503555, "lyrics_state": "complete", "path": "/Marie-gold-canada-le-crepe-interlude-lyrics", "pyongs_count": null, "recording_location": null, "release_date": "2018-05-11", "song_art_image_thumbnail_url": "https://images.genius.com/1d1ad8878ca9c4f1be263fa8f897ec38.300x300x1.jpg", "song_art_image_url": "https://images.genius.com/1d1ad8878ca9c4f1be263fa8f897ec38.1000x1000x1.jpg", "stats": {"accepted_annotations": 0, "contributors": 1, "hot": false, "iq_earners": 1, "transcribers": 1, "unreviewed_annotations": 0, "verified_annotations": 0}, "title": "Le cr\u00eape (interlude)", "title_with_featured": "Le cr\u00eape (interlude)", "url": "https://genius.com/Marie-gold-canada-le-crepe-interlude-lyrics", "current_user_metadata": {"permissions": ["view_apple_music_player", "create_comment", "view_song_story_gallery"], "excluded_permissions": ["follow", "award_transcription_iq", "remove_transcription_iq", "see_pageviews", "pyong", "edit_lyrics", "view_annotation_engagement_data", "publish", "unpublish", "edit_spotify_details", "hide", "unhide", "toggle_featured_video", "add_pinned_annotation_to", "add_community_annotation_to", "destroy", "mark_as_not_spam", "edit_spotify_annotations_for", "verify_lyrics", "unverify_lyrics", "edit_anything", "edit_any_media", "edit", "rename", "edit_tags", "watch_fact_track", "reindex", "view_lyrics_synchronization", "enable_media", "disable_media", "edit_lyrics_or_annotation_brackets", "see_editorial_indicators", "view_attribution_visualization", "edit_annotation_brackets", "preview_lyrics_for_export", "hide_apple_player", "unhide_apple_player", "trigger_apple_match", "mark_lyrics_evaluation_as_approved", "mark_lyrics_evaluation_as_staff_approved", "mark_lyrics_evaluation_as_unapproved", "mark_lyrics_evaluation_as_un_staff_approved", "view_transcriber_media_player", "override_apple_match", "edit_youtube_url", "edit_soundcloud_url", "edit_spotify_uuid", "edit_vevo_url", "moderate_annotations", "create_annotation", "see_short_id", "manage_chart_item", "create_tag", "propose_lyrics_edit", "moderate_lyrics_edit_proposals"], "interactions": {"pyong": false, "following": false}, "relationships": {}, "iq_by_action": {}}, "album": {"api_path": "/albums/428396", "cover_art_url": "https://images.genius.com/1d1ad8878ca9c4f1be263fa8f897ec38.1000x1000x1.jpg", "full_title": "Goal : Une M\u00e9lodie by Marie-Gold (Canada)", "id": 428396, "name": "Goal : Une M\u00e9lodie", "url": "https://genius.com/albums/Marie-gold-canada/Goal-une-melodie", "artist": {"api_path": "/artists/1197739", "header_image_url": "https://images.genius.com/029d5f2b0043e9983f24c2ab30b13a2e.287x287x1.jpg", "id": 1197739, "image_url": "https://images.genius.com/029d5f2b0043e9983f24c2ab30b13a2e.287x287x1.jpg", "is_meme_verified": false, "is_verified": false, "name": "Marie-Gold (Canada)", "url": "https://genius.com/artists/Marie-gold-canada"}}, "custom_performances": [{"label": "Voiced By", "artists": [{"api_path": "/artists/1484002", "header_image_url": "https://assets.genius.com/images/default_avatar_300.png?1550179390", "id": 1484002, "image_url": "https://assets.genius.com/images/default_avatar_300.png?1550179390", "is_meme_verified": false, "is_verified": false, "name": "Fiorella Boucher", "url": "https://genius.com/artists/Fiorella-boucher"}]}], "description_annotation": {"_type": "referent", "annotator_id": 2503555, "annotator_login": "Tzadqiel", "api_path": "/referents/14644468", "classification": "needs_exegesis", "fragment": "Le cr\u00eape (interlude)", "id": 14644468, "is_description": true, "path": "/14644468/Marie-gold-canada-le-crepe-interlude/Le-crepe-interlude", "range": {"content": "Le cr\u00eape (interlude)"}, "song_id": 3742860, "url": "https://genius.com/14644468/Marie-gold-canada-le-crepe-interlude/Le-crepe-interlude", "verified_annotator_ids": [], "annotatable": {"api_path": "/songs/3742860", "client_timestamps": {"updated_by_human_at": 1527274830, "lyrics_updated_at": 1527274741}, "context": "Marie-Gold (Canada)", "id": 3742860, "image_url": "https://images.genius.com/1d1ad8878ca9c4f1be263fa8f897ec38.1000x1000x1.jpg", "link_title": "Le cr\u00eape (interlude) by\u00a0Marie-Gold\u00a0(Canada)", "title": "Le cr\u00eape (interlude)", "type": "Song", "url": "https://genius.com/Marie-gold-canada-le-crepe-interlude-lyrics"}, "annotations": [{"api_path": "/annotations/14644468", "body": {"plain": ""}, "comment_count": 0, "community": true, "custom_preview": null, "has_voters": false, "id": 14644468, "pinned": false, "share_url": "https://genius.com/14644468", "source": null, "state": "needs_exegesis", "url": "https://genius.com/14644468/Marie-gold-canada-le-crepe-interlude/Le-crepe-interlude", "verified": false, "votes_total": 0, "current_user_metadata": {"permissions": [], "excluded_permissions": ["vote", "edit", "cosign", "uncosign", "destroy", "accept", "reject", "see_unreviewed", "clear_votes", "propose_edit_to", "pin_to_profile", "unpin_from_profile", "update_source", "edit_custom_preview", "create_comment"], "interactions": {"cosign": false, "pyong": false, "vote": null}, "iq_by_action": {}}, "authors": [{"attribution": 1.0, "pinned_role": null, "user": {"api_path": "/users/2503555", "avatar": {"tiny": {"url": "https://images.genius.com/avatars/tiny/55db5bd417b948a6337b8e7c50474832", "bounding_box": {"width": 16, "height": 16}}, "thumb": {"url": "https://images.genius.com/avatars/thumb/55db5bd417b948a6337b8e7c50474832", "bounding_box": {"width": 32, "height": 32}}, "small": {"url": "https://images.genius.com/avatars/small/55db5bd417b948a6337b8e7c50474832", "bounding_box": {"width": 100, "height": 100}}, "medium": {"url": "https://images.genius.com/avatars/medium/55db5bd417b948a6337b8e7c50474832", "bounding_box": {"width": 300, "height": 400}}}, "header_image_url": "https://s3.amazonaws.com/filepicker-images-rapgenius/KAt0CFn5RzKK93ItzBW2_giphy.gif", "human_readable_role_for_display": "Contributor", "id": 2503555, "iq": 20199, "login": "Tzadqiel", "name": "Tzadqiel", "role_for_display": "contributor", "url": "https://genius.com/Tzadqiel", "current_user_metadata": {"permissions": [], "excluded_permissions": ["follow"], "interactions": {"following": false}, "features": []}}}], "cosigned_by": [], "rejection_comment": null, "verified_by": null}]}, "featured_artists": [], "lyrics_marked_complete_by": null, "media": [{"attribution": "marie goldie", "provider": "soundcloud", "type": "audio", "url": "https://soundcloud.com/marie-goldie/05-lecrepe-interlude-final"}], "primary_artist": {"api_path": "/artists/1197739", "header_image_url": "https://images.genius.com/029d5f2b0043e9983f24c2ab30b13a2e.287x287x1.jpg", "id": 1197739, "image_url": "https://images.genius.com/029d5f2b0043e9983f24c2ab30b13a2e.287x287x1.jpg", "is_meme_verified": false, "is_verified": false, "name": "Marie-Gold (Canada)", "url": "https://genius.com/artists/Marie-gold-canada"}, "producer_artists": [], "song_relationships": [{"type": "samples", "songs": []}, {"type": "sampled_in", "songs": []}, {"type": "interpolates", "songs": []}, {"type": "interpolated_by", "songs": []}, {"type": "cover_of", "songs": [{"annotation_count": 1, "api_path": "/songs/177120", "full_title": "The Count of Monte Cristo (Chap. 58) by\u00a0Alexandre\u00a0Dumas, P\u00e8re", "header_image_thumbnail_url": "https://images.genius.com/625bc0932ad2216aff98d513ac00c31c.300x213x1.jpg", "header_image_url": "https://images.genius.com/625bc0932ad2216aff98d513ac00c31c.1000x709x1.jpg", "id": 177120, "lyrics_owner_id": 225672, "lyrics_state": "complete", "path": "/Alexandre-dumas-pere-the-count-of-monte-cristo-chap-58-annotated", "pyongs_count": null, "song_art_image_thumbnail_url": "https://images.genius.com/625bc0932ad2216aff98d513ac00c31c.300x213x1.jpg", "stats": {"hot": false, "unreviewed_annotations": 0}, "title": "The Count of Monte Cristo (Chap. 58)", "title_with_featured": "The Count of Monte Cristo (Chap. 58)", "url": "https://genius.com/Alexandre-dumas-pere-the-count-of-monte-cristo-chap-58-annotated", "primary_artist": {"api_path": "/artists/56508", "header_image_url": "https://assets.genius.com/images/default_avatar_300.png?1550179390", "id": 56508, "image_url": "https://assets.genius.com/images/default_avatar_300.png?1550179390", "is_meme_verified": false, "is_verified": false, "name": "Alexandre Dumas, P\u00e8re", "url": "https://genius.com/artists/Alexandre-dumas-pere"}}]}, {"type": "covered_by", "songs": []}, {"type": "remix_of", "songs": []}, {"type": "remixed_by", "songs": []}, {"type": "live_version_of", "songs": []}, {"type": "performed_live_as", "songs": []}], "verified_annotations_by": [], "verified_contributors": [], "verified_lyrics_by": [], "writer_artists": [{"api_path": "/artists/56508", "header_image_url": "https://assets.genius.com/images/default_avatar_300.png?1550179390", "id": 56508, "image_url": "https://assets.genius.com/images/default_avatar_300.png?1550179390", "is_meme_verified": false, "is_verified": false, "name": "Alexandre Dumas, P\u00e8re", "url": "https://genius.com/artists/Alexandre-dumas-pere"}], "lyrics": "\u2014 C\u2019est le propre des esprits affaiblis de voir toutes choses \u00e0 travers un cr\u00eape\u202f; c\u2019est l\u2019\u00e2me qui se fait \u00e0 elle-m\u00eame ses horizons\u202f: votre \u00e2me est sombre, c\u2019est elle qui vous fait un ciel orageux"}}, {"title": "Mauvais Timing", "album": "Goal : Une M\u00e9lodie", "year": "2018-05-11", "lyrics": "[1er couplet]\nLa premi\u00e8re fois que je t\u2019ai crois\u00e9 t\u2019\u00e9tais d\u00e9j\u00e0 cas\u00e9\n\u00c7a nous a pas emp\u00each\u00e9 de s\u2019achaler pis de pr\u00e9tendre de juste chiller\nJeune \u00e9lite, like we still are\nMais \u00e0 des kilom\u00e8tres \u00e0 part pis m\u00eame proche, ben on s\u2019ignore\nOn s\u2019est perdu de vue pendant un while\nJ\u2019me suis perdue - Toi tu t\u2019es find\nOut qu\u2019on \u00e9tait d\u00fb pour catch up apr\u00e8s les finales\nSo you came back, mais j\u2019embarquais \u00e0 bord - Yeah mauvais timing\nT\u2019as voulu me faire la cour, moi je faisais mes valises\nJ\u2019pouvais couper \u00e7a court - Mais tu connais la fille\nSo tu connais la suite, le backpack a sonn\u00e9 la fin\n\u00c7a pis d\u2019autres raisons qu\u2019on a pas pu s\u2019avouer sans lendemain\nSans artifice, le Canal a l\u2019air pas mal plus stiff\nSans ton sourire - Ah j\u2019veux pas \u00eatre cheesy, know what I mean\n\u00c0 chaque fois que j\u2019y repasse, j\u2019te vois assis sur le pit\n\u00c0 chaque fois je me rem\u00e9more, j\u2019r\u00e9entends la musique\nLa derni\u00e8re fois que je t\u2019ai vu t\u2019avais la mine basse, m\u00e9lanine p\u00e2le\nMes amis jasent que \u00e7a feele pas\nC\u2019tu une passe? Mais j\u2019te parle pas\nMais quand j\u2019ai su que tu trompais ta blonde, je me suis dite que ma montre me donnait le mauvais time\n\n[Refrain]\nIf the soul match but the times does not\nPrends en bien note ; Pourtant c\u2019\u00e9tait solide\nPis si c\u2019est meant to be, ben on va peut-\u00eatre se recroiser\nIf the soul match but the times does not\nPrends en bien note ; Pourtant c\u2019\u00e9tait solide\nPis si c\u2019est meant to be, ben on va peut-\u00eatre se recroiser\n\n[2e couplet]\nDamn, le temps a pass\u00e9\nDes cro\u00fbtes j\u2019en ai mang\u00e9es, des mots j\u2019en ai m\u00e2ch\u00e9s\nI mean : I\u2019ve been there without even trying\nPassed-out dans les taxis, m\u2019r\u00e9veiller les mains vides\nJe me suis magan\u00e9e, might admit it\n\u00c0 pas feeler, mais moins que d\u2019autres vies so la fille elle m\u00e9rite\nDe suivre son motion : Un roller-coaster sans ceinture attach\u00e9\nDes potions j\u2019en ai consomm\u00e9, fr\u00f4l\u00e9 la panique\nJ\u2019ai eu une bouche cousue, un discours beaucoup moins\nVu des coudes se serrer puis se slacker pour faire leur boutte de chemin\nSous toutes r\u00e9serve j\u2019ai host du monde qui ne connaissait pas le leur\nSous toute r\u00e9serve j\u2019ai peur des montres et d\u2019un jour rater mon heure\nSo every year, wake up sur le bord d\u2019une falaise\nEvery year, requestionne c\u2019qui est laiss\u00e9 derri\u00e8re\nSi on peut pu reach, c\u2019est pu de mes affaires\nI just catch that\u2019s it\u2019s a fact ; C\u2019est nos fuseaux horaires\n\n[Refrain]\nIf the soul match but the times does not\nPrends en bien note ; Pourtant c\u2019\u00e9tait solide\nPis si c\u2019est meant to be, ben on va peut-\u00eatre se recroiser\nIf the soul match but the times does not\nPrends en bien note ; Pourtant c\u2019\u00e9tait solide\nPis si c\u2019est meant to be, ben on va peut-\u00eatre se recroiser", "image": "https://images.genius.com/1d1ad8878ca9c4f1be263fa8f897ec38.1000x1000x1.jpg", "artist": "Marie-Gold (Canada)", "raw": {"annotation_count": 0, "api_path": "/songs/3711956", "apple_music_id": "1381521503", "apple_music_player_url": "https://genius.com/songs/3711956/apple_music_player", "description": {"plain": "?"}, "embed_content": "<div id='rg_embed_link_3711956' class='rg_embed_link' data-song-id='3711956'>Read <a href='https://genius.com/Marie-gold-canada-mauvais-timing-lyrics'>\u201cMauvais Timing\u201d by Marie-Gold\u00a0(Canada)</a> on Genius</div> <script crossorigin src='//genius.com/songs/3711956/embed.js'></script>", "featured_video": false, "full_title": "Mauvais Timing by\u00a0Marie-Gold\u00a0(Canada)", "header_image_thumbnail_url": "https://images.genius.com/1d1ad8878ca9c4f1be263fa8f897ec38.300x300x1.jpg", "header_image_url": "https://images.genius.com/1d1ad8878ca9c4f1be263fa8f897ec38.1000x1000x1.jpg", "id": 3711956, "lyrics_owner_id": 6384650, "lyrics_state": "complete", "path": "/Marie-gold-canada-mauvais-timing-lyrics", "pyongs_count": null, "recording_location": null, "release_date": "2018-05-11", "song_art_image_thumbnail_url": "https://images.genius.com/1d1ad8878ca9c4f1be263fa8f897ec38.300x300x1.jpg", "song_art_image_url": "https://images.genius.com/1d1ad8878ca9c4f1be263fa8f897ec38.1000x1000x1.jpg", "stats": {"accepted_annotations": 0, "contributors": 2, "hot": false, "iq_earners": 2, "transcribers": 2, "unreviewed_annotations": 0, "verified_annotations": 0}, "title": "Mauvais Timing", "title_with_featured": "Mauvais Timing", "url": "https://genius.com/Marie-gold-canada-mauvais-timing-lyrics", "current_user_metadata": {"permissions": ["view_apple_music_player", "create_comment", "view_song_story_gallery"], "excluded_permissions": ["follow", "award_transcription_iq", "remove_transcription_iq", "see_pageviews", "pyong", "edit_lyrics", "view_annotation_engagement_data", "publish", "unpublish", "edit_spotify_details", "hide", "unhide", "toggle_featured_video", "add_pinned_annotation_to", "add_community_annotation_to", "destroy", "mark_as_not_spam", "edit_spotify_annotations_for", "verify_lyrics", "unverify_lyrics", "edit_anything", "edit_any_media", "edit", "rename", "edit_tags", "watch_fact_track", "reindex", "view_lyrics_synchronization", "enable_media", "disable_media", "edit_lyrics_or_annotation_brackets", "see_editorial_indicators", "view_attribution_visualization", "edit_annotation_brackets", "preview_lyrics_for_export", "hide_apple_player", "unhide_apple_player", "trigger_apple_match", "mark_lyrics_evaluation_as_approved", "mark_lyrics_evaluation_as_staff_approved", "mark_lyrics_evaluation_as_unapproved", "mark_lyrics_evaluation_as_un_staff_approved", "view_transcriber_media_player", "override_apple_match", "edit_youtube_url", "edit_soundcloud_url", "edit_spotify_uuid", "edit_vevo_url", "moderate_annotations", "create_annotation", "see_short_id", "manage_chart_item", "create_tag", "propose_lyrics_edit", "moderate_lyrics_edit_proposals"], "interactions": {"pyong": false, "following": false}, "relationships": {}, "iq_by_action": {}}, "album": {"api_path": "/albums/428396", "cover_art_url": "https://images.genius.com/1d1ad8878ca9c4f1be263fa8f897ec38.1000x1000x1.jpg", "full_title": "Goal : Une M\u00e9lodie by Marie-Gold (Canada)", "id": 428396, "name": "Goal : Une M\u00e9lodie", "url": "https://genius.com/albums/Marie-gold-canada/Goal-une-melodie", "artist": {"api_path": "/artists/1197739", "header_image_url": "https://images.genius.com/029d5f2b0043e9983f24c2ab30b13a2e.287x287x1.jpg", "id": 1197739, "image_url": "https://images.genius.com/029d5f2b0043e9983f24c2ab30b13a2e.287x287x1.jpg", "is_meme_verified": false, "is_verified": false, "name": "Marie-Gold (Canada)", "url": "https://genius.com/artists/Marie-gold-canada"}}, "custom_performances": [], "description_annotation": {"_type": "referent", "annotator_id": 6384650, "annotator_login": "ChloPilonVaillancourt", "api_path": "/referents/14540179", "classification": "needs_exegesis", "fragment": "Mauvais Timing", "id": 14540179, "is_description": true, "path": "/14540179/Marie-gold-canada-mauvais-timing/Mauvais-timing", "range": {"content": "Mauvais Timing"}, "song_id": 3711956, "url": "https://genius.com/14540179/Marie-gold-canada-mauvais-timing/Mauvais-timing", "verified_annotator_ids": [], "annotatable": {"api_path": "/songs/3711956", "client_timestamps": {"updated_by_human_at": 1527273850, "lyrics_updated_at": 1527273850}, "context": "Marie-Gold (Canada)", "id": 3711956, "image_url": "https://images.genius.com/1d1ad8878ca9c4f1be263fa8f897ec38.1000x1000x1.jpg", "link_title": "Mauvais Timing by\u00a0Marie-Gold\u00a0(Canada)", "title": "Mauvais Timing", "type": "Song", "url": "https://genius.com/Marie-gold-canada-mauvais-timing-lyrics"}, "annotations": [{"api_path": "/annotations/14540179", "body": {"plain": ""}, "comment_count": 0, "community": true, "custom_preview": null, "has_voters": false, "id": 14540179, "pinned": false, "share_url": "https://genius.com/14540179", "source": null, "state": "needs_exegesis", "url": "https://genius.com/14540179/Marie-gold-canada-mauvais-timing/Mauvais-timing", "verified": false, "votes_total": 0, "current_user_metadata": {"permissions": [], "excluded_permissions": ["vote", "edit", "cosign", "uncosign", "destroy", "accept", "reject", "see_unreviewed", "clear_votes", "propose_edit_to", "pin_to_profile", "unpin_from_profile", "update_source", "edit_custom_preview", "create_comment"], "interactions": {"cosign": false, "pyong": false, "vote": null}, "iq_by_action": {}}, "authors": [{"attribution": 1.0, "pinned_role": null, "user": {"api_path": "/users/6384650", "avatar": {"tiny": {"url": "https://images.genius.com/avatars/tiny/471071f59d8f7eec3745d964ee748cbb", "bounding_box": {"width": 16, "height": 16}}, "thumb": {"url": "https://images.genius.com/avatars/thumb/471071f59d8f7eec3745d964ee748cbb", "bounding_box": {"width": 32, "height": 32}}, "small": {"url": "https://images.genius.com/avatars/small/471071f59d8f7eec3745d964ee748cbb", "bounding_box": {"width": 100, "height": 100}}, "medium": {"url": "https://images.genius.com/avatars/medium/471071f59d8f7eec3745d964ee748cbb", "bounding_box": {"width": 300, "height": 400}}}, "header_image_url": "https://images.genius.com/avatars/medium/471071f59d8f7eec3745d964ee748cbb", "human_readable_role_for_display": null, "id": 6384650, "iq": 187, "login": "ChloPilonVaillancourt", "name": "ChloPilonVaillancourt", "role_for_display": null, "url": "https://genius.com/ChloPilonVaillancourt", "current_user_metadata": {"permissions": [], "excluded_permissions": ["follow"], "interactions": {"following": false}, "features": []}}}], "cosigned_by": [], "rejection_comment": null, "verified_by": null}]}, "featured_artists": [], "lyrics_marked_complete_by": null, "media": [{"attribution": "marie goldie", "provider": "soundcloud", "type": "audio", "url": "https://soundcloud.com/marie-goldie/02-mauvaistiming-final"}], "primary_artist": {"api_path": "/artists/1197739", "header_image_url": "https://images.genius.com/029d5f2b0043e9983f24c2ab30b13a2e.287x287x1.jpg", "id": 1197739, "image_url": "https://images.genius.com/029d5f2b0043e9983f24c2ab30b13a2e.287x287x1.jpg", "is_meme_verified": false, "is_verified": false, "name": "Marie-Gold (Canada)", "url": "https://genius.com/artists/Marie-gold-canada"}, "producer_artists": [{"api_path": "/artists/1471684", "header_image_url": "https://assets.genius.com/images/default_avatar_300.png?1550179390", "id": 1471684, "image_url": "https://assets.genius.com/images/default_avatar_300.png?1550179390", "is_meme_verified": false, "is_verified": false, "name": "Francis Leduc-B\u00e9langer", "url": "https://genius.com/artists/Francis-leduc-belanger"}, {"api_path": "/artists/1197739", "header_image_url": "https://images.genius.com/029d5f2b0043e9983f24c2ab30b13a2e.287x287x1.jpg", "id": 1197739, "image_url": "https://images.genius.com/029d5f2b0043e9983f24c2ab30b13a2e.287x287x1.jpg", "is_meme_verified": false, "is_verified": false, "name": "Marie-Gold (Canada)", "url": "https://genius.com/artists/Marie-gold-canada"}], "song_relationships": [{"type": "samples", "songs": []}, {"type": "sampled_in", "songs": []}, {"type": "interpolates", "songs": []}, {"type": "interpolated_by", "songs": []}, {"type": "cover_of", "songs": []}, {"type": "covered_by", "songs": []}, {"type": "remix_of", "songs": []}, {"type": "remixed_by", "songs": []}, {"type": "live_version_of", "songs": []}, {"type": "performed_live_as", "songs": []}], "verified_annotations_by": [], "verified_contributors": [], "verified_lyrics_by": [], "writer_artists": [{"api_path": "/artists/1197739", "header_image_url": "https://images.genius.com/029d5f2b0043e9983f24c2ab30b13a2e.287x287x1.jpg", "id": 1197739, "image_url": "https://images.genius.com/029d5f2b0043e9983f24c2ab30b13a2e.287x287x1.jpg", "is_meme_verified": false, "is_verified": false, "name": "Marie-Gold (Canada)", "url": "https://genius.com/artists/Marie-gold-canada"}], "lyrics": "[1er couplet]\nLa premi\u00e8re fois que je t\u2019ai crois\u00e9 t\u2019\u00e9tais d\u00e9j\u00e0 cas\u00e9\n\u00c7a nous a pas emp\u00each\u00e9 de s\u2019achaler pis de pr\u00e9tendre de juste chiller\nJeune \u00e9lite, like we still are\nMais \u00e0 des kilom\u00e8tres \u00e0 part pis m\u00eame proche, ben on s\u2019ignore\nOn s\u2019est perdu de vue pendant un while\nJ\u2019me suis perdue - Toi tu t\u2019es find\nOut qu\u2019on \u00e9tait d\u00fb pour catch up apr\u00e8s les finales\nSo you came back, mais j\u2019embarquais \u00e0 bord - Yeah mauvais timing\nT\u2019as voulu me faire la cour, moi je faisais mes valises\nJ\u2019pouvais couper \u00e7a court - Mais tu connais la fille\nSo tu connais la suite, le backpack a sonn\u00e9 la fin\n\u00c7a pis d\u2019autres raisons qu\u2019on a pas pu s\u2019avouer sans lendemain\nSans artifice, le Canal a l\u2019air pas mal plus stiff\nSans ton sourire - Ah j\u2019veux pas \u00eatre cheesy, know what I mean\n\u00c0 chaque fois que j\u2019y repasse, j\u2019te vois assis sur le pit\n\u00c0 chaque fois je me rem\u00e9more, j\u2019r\u00e9entends la musique\nLa derni\u00e8re fois que je t\u2019ai vu t\u2019avais la mine basse, m\u00e9lanine p\u00e2le\nMes amis jasent que \u00e7a feele pas\nC\u2019tu une passe? Mais j\u2019te parle pas\nMais quand j\u2019ai su que tu trompais ta blonde, je me suis dite que ma montre me donnait le mauvais time\n\n[Refrain]\nIf the soul match but the times does not\nPrends en bien note ; Pourtant c\u2019\u00e9tait solide\nPis si c\u2019est meant to be, ben on va peut-\u00eatre se recroiser\nIf the soul match but the times does not\nPrends en bien note ; Pourtant c\u2019\u00e9tait solide\nPis si c\u2019est meant to be, ben on va peut-\u00eatre se recroiser\n\n[2e couplet]\nDamn, le temps a pass\u00e9\nDes cro\u00fbtes j\u2019en ai mang\u00e9es, des mots j\u2019en ai m\u00e2ch\u00e9s\nI mean : I\u2019ve been there without even trying\nPassed-out dans les taxis, m\u2019r\u00e9veiller les mains vides\nJe me suis magan\u00e9e, might admit it\n\u00c0 pas feeler, mais moins que d\u2019autres vies so la fille elle m\u00e9rite\nDe suivre son motion : Un roller-coaster sans ceinture attach\u00e9\nDes potions j\u2019en ai consomm\u00e9, fr\u00f4l\u00e9 la panique\nJ\u2019ai eu une bouche cousue, un discours beaucoup moins\nVu des coudes se serrer puis se slacker pour faire leur boutte de chemin\nSous toutes r\u00e9serve j\u2019ai host du monde qui ne connaissait pas le leur\nSous toute r\u00e9serve j\u2019ai peur des montres et d\u2019un jour rater mon heure\nSo every year, wake up sur le bord d\u2019une falaise\nEvery year, requestionne c\u2019qui est laiss\u00e9 derri\u00e8re\nSi on peut pu reach, c\u2019est pu de mes affaires\nI just catch that\u2019s it\u2019s a fact ; C\u2019est nos fuseaux horaires\n\n[Refrain]\nIf the soul match but the times does not\nPrends en bien note ; Pourtant c\u2019\u00e9tait solide\nPis si c\u2019est meant to be, ben on va peut-\u00eatre se recroiser\nIf the soul match but the times does not\nPrends en bien note ; Pourtant c\u2019\u00e9tait solide\nPis si c\u2019est meant to be, ben on va peut-\u00eatre se recroiser"}}, {"title": "Recommencer", "album": "Goal : Une M\u00e9lodie", "year": "2018-05-11", "lyrics": "Here I go again trying to find my own chance\nHere I go again - tout \u00e0 recommencer\nHere I go again trying to find my own chance\nHere I go again - tout \u00e0 recommencer\n\nQuand est-ce que je pourrai me pr\u00e9lasser?\nMe laisser enlacer sans l\u2019arri\u00e8re pens\u00e9e que \u201cDamn - gotta go through la pile de papiers\u201d\nJ\u2019veux pas faire pire que l\u2019pass\u00e9\nPas trop piler s\u2019es pieds\nPas sembler d\u00e9plac\u00e9 mais j\u2019veux dire damn, j\u2019me suis d\u00e9plac\u00e9e\nPas pour des pens\u00e9es lanc\u00e9es en l\u2019air\nDes montagnes ancr\u00e9es dans la terre\nDes angoisses de d\u00e9pense\nOn est sens\u00e9es thing big, more quick que jeans trou\u00e9es\nFille make it jusqu\u2019\u00e0 la vitre teint\u00e9e\nOn va tous faillir y passer\nMieux que de faillir \u00e0 se d\u00e9passer\nJ\u2019en ai pass\u00e9 des journ\u00e9es\nAvec la pens\u00e9e magique\nTrop craque sous la pression - bien plus que tu l\u2019imagines\nThinking about le capitaine sur son navire\nHow lonely qu\u2019il doit feele quand l\u2019\u00e9quipage quitte sans m\u00eame \u00eatre navr\u00e9\nOn m\u2019a dit \u201cfille, tu devrais aller voir un psy\u201d\nJ\u2019ai dis \u201cAight\u201d, puis ai continu\u00e9 \u00e0 \u00e9crire\nSur le beat, sans aucun sursis\nAngoisses pass\u00e9es sous silence\nEt surtout \u00e9loign\u00e9es des regards d\u2019ceux qui s\u2019achalandent\nPour des feats, des \u00e9loges ou de la confiance\nJ\u2019te ferai fit de mon s\u00e9bum si l\u00e0-dessus on peut pas se comprendre\nParfois je m\u2019aplatis, cr\u00eape an\u00e9antie\nMarie cr\u00e8ve d\u2019ennui\nNe fait que servir d\u2019app\u00e2t \u00e0 sa jeune vie\n\nHere I go again trying to find my own chance\nHere I go again - tout \u00e0 recommencer\nHere I go again trying to find my own chance\nHere I go again - tout \u00e0 recommencer", "image": "https://images.genius.com/1d1ad8878ca9c4f1be263fa8f897ec38.1000x1000x1.jpg", "artist": "Marie-Gold (Canada)", "raw": {"annotation_count": 0, "api_path": "/songs/3711923", "apple_music_id": "1381521496", "apple_music_player_url": "https://genius.com/songs/3711923/apple_music_player", "description": {"plain": "?"}, "embed_content": "<div id='rg_embed_link_3711923' class='rg_embed_link' data-song-id='3711923'>Read <a href='https://genius.com/Marie-gold-canada-recommencer-lyrics'>\u201cRecommencer\u201d by Marie-Gold\u00a0(Canada)</a> on Genius</div> <script crossorigin src='//genius.com/songs/3711923/embed.js'></script>", "featured_video": false, "full_title": "Recommencer by\u00a0Marie-Gold\u00a0(Canada)", "header_image_thumbnail_url": "https://images.genius.com/1d1ad8878ca9c4f1be263fa8f897ec38.300x300x1.jpg", "header_image_url": "https://images.genius.com/1d1ad8878ca9c4f1be263fa8f897ec38.1000x1000x1.jpg", "id": 3711923, "lyrics_owner_id": 6384650, "lyrics_state": "complete", "path": "/Marie-gold-canada-recommencer-lyrics", "pyongs_count": null, "recording_location": "Montreal", "release_date": "2018-05-11", "song_art_image_thumbnail_url": "https://images.genius.com/1d1ad8878ca9c4f1be263fa8f897ec38.300x300x1.jpg", "song_art_image_url": "https://images.genius.com/1d1ad8878ca9c4f1be263fa8f897ec38.1000x1000x1.jpg", "stats": {"accepted_annotations": 0, "contributors": 2, "hot": false, "iq_earners": 2, "transcribers": 2, "unreviewed_annotations": 0, "verified_annotations": 0}, "title": "Recommencer", "title_with_featured": "Recommencer", "url": "https://genius.com/Marie-gold-canada-recommencer-lyrics", "current_user_metadata": {"permissions": ["view_apple_music_player", "create_comment", "view_song_story_gallery"], "excluded_permissions": ["follow", "award_transcription_iq", "remove_transcription_iq", "see_pageviews", "pyong", "edit_lyrics", "view_annotation_engagement_data", "publish", "unpublish", "edit_spotify_details", "hide", "unhide", "toggle_featured_video", "add_pinned_annotation_to", "add_community_annotation_to", "destroy", "mark_as_not_spam", "edit_spotify_annotations_for", "verify_lyrics", "unverify_lyrics", "edit_anything", "edit_any_media", "edit", "rename", "edit_tags", "watch_fact_track", "reindex", "view_lyrics_synchronization", "enable_media", "disable_media", "edit_lyrics_or_annotation_brackets", "see_editorial_indicators", "view_attribution_visualization", "edit_annotation_brackets", "preview_lyrics_for_export", "hide_apple_player", "unhide_apple_player", "trigger_apple_match", "mark_lyrics_evaluation_as_approved", "mark_lyrics_evaluation_as_staff_approved", "mark_lyrics_evaluation_as_unapproved", "mark_lyrics_evaluation_as_un_staff_approved", "view_transcriber_media_player", "override_apple_match", "edit_youtube_url", "edit_soundcloud_url", "edit_spotify_uuid", "edit_vevo_url", "moderate_annotations", "create_annotation", "see_short_id", "manage_chart_item", "create_tag", "propose_lyrics_edit", "moderate_lyrics_edit_proposals"], "interactions": {"pyong": false, "following": false}, "relationships": {}, "iq_by_action": {}}, "album": {"api_path": "/albums/428396", "cover_art_url": "https://images.genius.com/1d1ad8878ca9c4f1be263fa8f897ec38.1000x1000x1.jpg", "full_title": "Goal : Une M\u00e9lodie by Marie-Gold (Canada)", "id": 428396, "name": "Goal : Une M\u00e9lodie", "url": "https://genius.com/albums/Marie-gold-canada/Goal-une-melodie", "artist": {"api_path": "/artists/1197739", "header_image_url": "https://images.genius.com/029d5f2b0043e9983f24c2ab30b13a2e.287x287x1.jpg", "id": 1197739, "image_url": "https://images.genius.com/029d5f2b0043e9983f24c2ab30b13a2e.287x287x1.jpg", "is_meme_verified": false, "is_verified": false, "name": "Marie-Gold (Canada)", "url": "https://genius.com/artists/Marie-gold-canada"}}, "custom_performances": [], "description_annotation": {"_type": "referent", "annotator_id": 6384650, "annotator_login": "ChloPilonVaillancourt", "api_path": "/referents/14540095", "classification": "needs_exegesis", "fragment": "Recommencer", "id": 14540095, "is_description": true, "path": "/14540095/Marie-gold-canada-recommencer/Recommencer", "range": {"content": "Recommencer"}, "song_id": 3711923, "url": "https://genius.com/14540095/Marie-gold-canada-recommencer/Recommencer", "verified_annotator_ids": [], "annotatable": {"api_path": "/songs/3711923", "client_timestamps": {"updated_by_human_at": 1527273484, "lyrics_updated_at": 1527273484}, "context": "Marie-Gold (Canada)", "id": 3711923, "image_url": "https://images.genius.com/1d1ad8878ca9c4f1be263fa8f897ec38.1000x1000x1.jpg", "link_title": "Recommencer by\u00a0Marie-Gold\u00a0(Canada)", "title": "Recommencer", "type": "Song", "url": "https://genius.com/Marie-gold-canada-recommencer-lyrics"}, "annotations": [{"api_path": "/annotations/14540095", "body": {"plain": ""}, "comment_count": 0, "community": true, "custom_preview": null, "has_voters": false, "id": 14540095, "pinned": false, "share_url": "https://genius.com/14540095", "source": null, "state": "needs_exegesis", "url": "https://genius.com/14540095/Marie-gold-canada-recommencer/Recommencer", "verified": false, "votes_total": 0, "current_user_metadata": {"permissions": [], "excluded_permissions": ["vote", "edit", "cosign", "uncosign", "destroy", "accept", "reject", "see_unreviewed", "clear_votes", "propose_edit_to", "pin_to_profile", "unpin_from_profile", "update_source", "edit_custom_preview", "create_comment"], "interactions": {"cosign": false, "pyong": false, "vote": null}, "iq_by_action": {}}, "authors": [{"attribution": 1.0, "pinned_role": null, "user": {"api_path": "/users/6384650", "avatar": {"tiny": {"url": "https://images.genius.com/avatars/tiny/471071f59d8f7eec3745d964ee748cbb", "bounding_box": {"width": 16, "height": 16}}, "thumb": {"url": "https://images.genius.com/avatars/thumb/471071f59d8f7eec3745d964ee748cbb", "bounding_box": {"width": 32, "height": 32}}, "small": {"url": "https://images.genius.com/avatars/small/471071f59d8f7eec3745d964ee748cbb", "bounding_box": {"width": 100, "height": 100}}, "medium": {"url": "https://images.genius.com/avatars/medium/471071f59d8f7eec3745d964ee748cbb", "bounding_box": {"width": 300, "height": 400}}}, "header_image_url": "https://images.genius.com/avatars/medium/471071f59d8f7eec3745d964ee748cbb", "human_readable_role_for_display": null, "id": 6384650, "iq": 187, "login": "ChloPilonVaillancourt", "name": "ChloPilonVaillancourt", "role_for_display": null, "url": "https://genius.com/ChloPilonVaillancourt", "current_user_metadata": {"permissions": [], "excluded_permissions": ["follow"], "interactions": {"following": false}, "features": []}}}], "cosigned_by": [], "rejection_comment": null, "verified_by": null}]}, "featured_artists": [], "lyrics_marked_complete_by": null, "media": [{"attribution": "marie goldie", "provider": "soundcloud", "type": "audio", "url": "https://soundcloud.com/marie-goldie/01-recommencer-final-mariegold"}], "primary_artist": {"api_path": "/artists/1197739", "header_image_url": "https://images.genius.com/029d5f2b0043e9983f24c2ab30b13a2e.287x287x1.jpg", "id": 1197739, "image_url": "https://images.genius.com/029d5f2b0043e9983f24c2ab30b13a2e.287x287x1.jpg", "is_meme_verified": false, "is_verified": false, "name": "Marie-Gold (Canada)", "url": "https://genius.com/artists/Marie-gold-canada"}, "producer_artists": [{"api_path": "/artists/1197739", "header_image_url": "https://images.genius.com/029d5f2b0043e9983f24c2ab30b13a2e.287x287x1.jpg", "id": 1197739, "image_url": "https://images.genius.com/029d5f2b0043e9983f24c2ab30b13a2e.287x287x1.jpg", "is_meme_verified": false, "is_verified": false, "name": "Marie-Gold (Canada)", "url": "https://genius.com/artists/Marie-gold-canada"}], "song_relationships": [{"type": "samples", "songs": []}, {"type": "sampled_in", "songs": []}, {"type": "interpolates", "songs": []}, {"type": "interpolated_by", "songs": []}, {"type": "cover_of", "songs": []}, {"type": "covered_by", "songs": []}, {"type": "remix_of", "songs": []}, {"type": "remixed_by", "songs": []}, {"type": "live_version_of", "songs": []}, {"type": "performed_live_as", "songs": []}], "verified_annotations_by": [], "verified_contributors": [], "verified_lyrics_by": [], "writer_artists": [{"api_path": "/artists/1197739", "header_image_url": "https://images.genius.com/029d5f2b0043e9983f24c2ab30b13a2e.287x287x1.jpg", "id": 1197739, "image_url": "https://images.genius.com/029d5f2b0043e9983f24c2ab30b13a2e.287x287x1.jpg", "is_meme_verified": false, "is_verified": false, "name": "Marie-Gold (Canada)", "url": "https://genius.com/artists/Marie-gold-canada"}], "lyrics": "Here I go again trying to find my own chance\nHere I go again - tout \u00e0 recommencer\nHere I go again trying to find my own chance\nHere I go again - tout \u00e0 recommencer\n\nQuand est-ce que je pourrai me pr\u00e9lasser?\nMe laisser enlacer sans l\u2019arri\u00e8re pens\u00e9e que \u201cDamn - gotta go through la pile de papiers\u201d\nJ\u2019veux pas faire pire que l\u2019pass\u00e9\nPas trop piler s\u2019es pieds\nPas sembler d\u00e9plac\u00e9 mais j\u2019veux dire damn, j\u2019me suis d\u00e9plac\u00e9e\nPas pour des pens\u00e9es lanc\u00e9es en l\u2019air\nDes montagnes ancr\u00e9es dans la terre\nDes angoisses de d\u00e9pense\nOn est sens\u00e9es thing big, more quick que jeans trou\u00e9es\nFille make it jusqu\u2019\u00e0 la vitre teint\u00e9e\nOn va tous faillir y passer\nMieux que de faillir \u00e0 se d\u00e9passer\nJ\u2019en ai pass\u00e9 des journ\u00e9es\nAvec la pens\u00e9e magique\nTrop craque sous la pression - bien plus que tu l\u2019imagines\nThinking about le capitaine sur son navire\nHow lonely qu\u2019il doit feele quand l\u2019\u00e9quipage quitte sans m\u00eame \u00eatre navr\u00e9\nOn m\u2019a dit \u201cfille, tu devrais aller voir un psy\u201d\nJ\u2019ai dis \u201cAight\u201d, puis ai continu\u00e9 \u00e0 \u00e9crire\nSur le beat, sans aucun sursis\nAngoisses pass\u00e9es sous silence\nEt surtout \u00e9loign\u00e9es des regards d\u2019ceux qui s\u2019achalandent\nPour des feats, des \u00e9loges ou de la confiance\nJ\u2019te ferai fit de mon s\u00e9bum si l\u00e0-dessus on peut pas se comprendre\nParfois je m\u2019aplatis, cr\u00eape an\u00e9antie\nMarie cr\u00e8ve d\u2019ennui\nNe fait que servir d\u2019app\u00e2t \u00e0 sa jeune vie\n\nHere I go again trying to find my own chance\nHere I go again - tout \u00e0 recommencer\nHere I go again trying to find my own chance\nHere I go again - tout \u00e0 recommencer"}}], "artist": "Marie-Gold (Canada)"}