{"songs": [{"title": "Australie", "album": "Deluxxx", "year": null, "lyrics": "Pour vingt piasses j\u2019fais c\u2019que tu veux dans l'backseat de ton char\nAUSTRALIE\u2026MELBOURNE\u2026MONTREAL\u2026 ROLL UP\nDEE ATACH TATUQ 9-7\n\nC\u2019est dr\u00f4le comment y\u2019a juste un mince fil qui tient tout\nQuand tu stresses parce qu\u2019y a trop de shits\nT\u2019as pu d\u2019raison, tu d\u2019viens fous\nTu check tes poches pis m\u00eame si ya juste 20 sous\nC\u2019est mieux quand tu sais qu\u2019est-ce que tu d\u2019viens pis tu viens d\u2019o\u00f9\n\nMoi c\u2019est\nPlateau beach\nY disent qu\u2019ici c\u2019est la belle vie\nMais \u00e0 quel prix\nTu sors ton 800 piasses pour ton 3 et d\u2019mi\nPis s\u2019pas long qu\u2019ton proprio devient ton pire ennemi\nParce t\u2019attends toujours qu\u2019a change ta porte d\u2019entr\u00e9e qui est d\u00e9molie\n\nUn vol, quand tu reste en ville\nC\u2019t\u2019un risque \u00e0 prendre\nUne chance j\u2019ai le parc Lafontaine juste en face pour me d\u00e9tendre\nLe soir, j\u2019me fume un ffffffff\u2026\nY\u2019a rien de complexe\nJ\u2019ai un crayon, papier fuck it j\u2019peux m\u00eame \u00e9crire un texte\n\nSur comment d\u2019ville en ville, c\u2019partout pareil\nLes beefs d\u2019orgueil\n(Les types s\u2019essayent)\nLes deals \u00e0 l\u2019\u0153il\n(Faut qu\u2019ca paye)\nBref, plus tu descends dans le sud-est plus \u00e7a d\u2019vient nudiste\nFetish, drogu\u00e9, pis l'reste, tu marches les fesses serr\u00e9es en criss\n\nJ\u2019te dirais, Berri \u00e0 Papineau\nSois sur de t'prendre un p'tite marche sur Ontario\nUne tite vite\nDrug addict, drag queen pis des lifes low, pis si y fait chaud\nFaut que t\u2019ailles le m\u00eame instinct qu\u2019les animaux\n\nParce que si quelqu'un t\u2019fais des beaux yeux\nDis toi que \u00e7a peut \u00eatre aussi bien un homme\nUne femme\nOu les deux, fak\nTu traverse ici, c'que tu cherches s't'un travesti\nDu monde fucked up, icitte y\u2019en a en esti\n\nFaut que tu check si y\u2019a de quoi suspect dans le regard qui dirait\n(Pour vingt piasses j\u2019fais c\u2019que tu veux dans l'backseat de ton char)\nPis c\u2019est comme \u00e7a pour un p'tit bout sur Ste-Catherine\nSi y\u2019a pas une prostitu\u00e9e su\u2019le coin c\u2019est qu\u2019est en face du Dunkin\nC\u2019est pas l'luxe du genre Holiday Inn\nSi t\u2019as d\u2019la chance, tu ramasses dans une chambre crasse d'l\u2019H\u00f4tel de France\n\nJ\u2019pense que chaque ville a ses shit d\u00e9sagr\u00e9able\nJ\u2019pense qu'aussi chaque ville bon weed pis son rap sale\nAtach Tatuq!\nEn Australie le disque y tourne yo\nBust tes derniers styles de Montr\u00e9al a Melbourne yo\n\nToute les cultures pis pleins d\u2019saveurs personne est mis \u00e0 part\nC\u2019ta savoir les diff\u00e9rences r\u00e9sulte en bagarres\nSi c\u2019pas la femme c\u2019l\u2019territoire\nY'en a qui craignent\nMais qu'tu sois blanc ou noir, c'est toujours rouge quand tu saignes\n\nC\u2019est partout pareil\nC\u2019est partout pareil yo\nC\u2019est partout pareil\nC\u2019est partout pareil yo\nC\u2019est partout pareil\nC\u2019est partout pareil\nC\u2019est partout pareil yo\nC\u2019est partout pareil\nC\u2019est partout pareil\nC\u2019est partout pareil\nIt's all the same motherfuckin\u2019 game yo", "image": "https://images.genius.com/0fa9ff1c073a913fe2d8fcb066b9cece.1000x1000x1.jpg", "artist": "Atach Tatuq", "raw": {"annotation_count": 3, "api_path": "/songs/2883160", "apple_music_id": null, "apple_music_player_url": "https://genius.com/songs/2883160/apple_music_player", "description": {"plain": "?"}, "embed_content": "<div id='rg_embed_link_2883160' class='rg_embed_link' data-song-id='2883160'>Read <a href='https://genius.com/Atach-tatuq-australie-lyrics'>\u201cAustralie\u201d by Atach\u00a0Tatuq</a> on Genius</div> <script crossorigin src='//genius.com/songs/2883160/embed.js'></script>", "featured_video": false, "full_title": "Australie by\u00a0Atach\u00a0Tatuq", "header_image_thumbnail_url": "https://images.genius.com/0fa9ff1c073a913fe2d8fcb066b9cece.300x300x1.jpg", "header_image_url": "https://images.genius.com/0fa9ff1c073a913fe2d8fcb066b9cece.1000x1000x1.jpg", "id": 2883160, "lyrics_owner_id": 3706234, "lyrics_state": "complete", "path": "/Atach-tatuq-australie-lyrics", "pyongs_count": null, "recording_location": null, "release_date": null, "song_art_image_thumbnail_url": "https://images.genius.com/0fa9ff1c073a913fe2d8fcb066b9cece.300x300x1.jpg", "song_art_image_url": "https://images.genius.com/0fa9ff1c073a913fe2d8fcb066b9cece.1000x1000x1.jpg", "stats": {"accepted_annotations": 0, "contributors": 2, "hot": false, "iq_earners": 2, "transcribers": 2, "unreviewed_annotations": 3, "verified_annotations": 0}, "title": "Australie", "title_with_featured": "Australie", "url": "https://genius.com/Atach-tatuq-australie-lyrics", "current_user_metadata": {"permissions": ["view_apple_music_player", "create_comment", "view_song_story_gallery"], "excluded_permissions": ["follow", "award_transcription_iq", "remove_transcription_iq", "see_pageviews", "pyong", "edit_lyrics", "view_annotation_engagement_data", "publish", "unpublish", "edit_spotify_details", "hide", "unhide", "toggle_featured_video", "add_pinned_annotation_to", "add_community_annotation_to", "destroy", "mark_as_not_spam", "edit_spotify_annotations_for", "verify_lyrics", "unverify_lyrics", "edit_anything", "edit_any_media", "edit", "rename", "edit_tags", "watch_fact_track", "reindex", "view_lyrics_synchronization", "enable_media", "disable_media", "edit_lyrics_or_annotation_brackets", "see_editorial_indicators", "view_attribution_visualization", "edit_annotation_brackets", "preview_lyrics_for_export", "hide_apple_player", "unhide_apple_player", "trigger_apple_match", "mark_lyrics_evaluation_as_approved", "mark_lyrics_evaluation_as_staff_approved", "mark_lyrics_evaluation_as_unapproved", "mark_lyrics_evaluation_as_un_staff_approved", "view_transcriber_media_player", "override_apple_match", "edit_youtube_url", "edit_soundcloud_url", "edit_spotify_uuid", "edit_vevo_url", "moderate_annotations", "create_annotation", "see_short_id", "manage_chart_item", "create_tag", "propose_lyrics_edit", "moderate_lyrics_edit_proposals"], "interactions": {"pyong": false, "following": false}, "relationships": {}, "iq_by_action": {}}, "album": {"api_path": "/albums/243525", "cover_art_url": "https://images.genius.com/0fa9ff1c073a913fe2d8fcb066b9cece.1000x1000x1.jpg", "full_title": "Deluxxx by Atach Tatuq", "id": 243525, "name": "Deluxxx", "url": "https://genius.com/albums/Atach-tatuq/Deluxxx", "artist": {"api_path": "/artists/1017019", "header_image_url": "https://images.genius.com/fa03ac61eeffc2d75a89c3608ae316d7.1000x663x1.jpg", "id": 1017019, "image_url": "https://images.genius.com/838770a4f63bf35bdeab7ec6a7d4cf8f.287x287x1.jpg", "is_meme_verified": false, "is_verified": false, "name": "Atach Tatuq", "url": "https://genius.com/artists/Atach-tatuq"}}, "custom_performances": [], "description_annotation": {"_type": "referent", "annotator_id": 3706234, "annotator_login": "poutipoupou", "api_path": "/referents/10623200", "classification": "needs_exegesis", "fragment": "Australie", "id": 10623200, "is_description": true, "path": "/10623200/Atach-tatuq-australie/Australie", "range": {"content": "Australie"}, "song_id": 2883160, "url": "https://genius.com/10623200/Atach-tatuq-australie/Australie", "verified_annotator_ids": [], "annotatable": {"api_path": "/songs/2883160", "client_timestamps": {"updated_by_human_at": 1487693768, "lyrics_updated_at": 1487650610}, "context": "Atach Tatuq", "id": 2883160, "image_url": "https://images.genius.com/0fa9ff1c073a913fe2d8fcb066b9cece.1000x1000x1.jpg", "link_title": "Australie by\u00a0Atach\u00a0Tatuq", "title": "Australie", "type": "Song", "url": "https://genius.com/Atach-tatuq-australie-lyrics"}, "annotations": [{"api_path": "/annotations/10623200", "body": {"plain": ""}, "comment_count": 0, "community": true, "custom_preview": null, "has_voters": false, "id": 10623200, "pinned": false, "share_url": "https://genius.com/10623200", "source": null, "state": "needs_exegesis", "url": "https://genius.com/10623200/Atach-tatuq-australie/Australie", "verified": false, "votes_total": 0, "current_user_metadata": {"permissions": [], "excluded_permissions": ["vote", "edit", "cosign", "uncosign", "destroy", "accept", "reject", "see_unreviewed", "clear_votes", "propose_edit_to", "pin_to_profile", "unpin_from_profile", "update_source", "edit_custom_preview", "create_comment"], "interactions": {"cosign": false, "pyong": false, "vote": null}, "iq_by_action": {}}, "authors": [{"attribution": 1.0, "pinned_role": null, "user": {"api_path": "/users/3706234", "avatar": {"tiny": {"url": "https://assets.genius.com/images/default_avatar_16.png?1550179390", "bounding_box": {"width": 16, "height": 16}}, "thumb": {"url": "https://assets.genius.com/images/default_avatar_32.png?1550179390", "bounding_box": {"width": 32, "height": 32}}, "small": {"url": "https://assets.genius.com/images/default_avatar_100.png?1550179390", "bounding_box": {"width": 100, "height": 100}}, "medium": {"url": "https://assets.genius.com/images/default_avatar_300.png?1550179390", "bounding_box": {"width": 300, "height": 400}}}, "header_image_url": "https://assets.genius.com/images/default_avatar_300.png?1550179390", "human_readable_role_for_display": "Contributor", "id": 3706234, "iq": 9691, "login": "poutipoupou", "name": "poutipoupou", "role_for_display": "contributor", "url": "https://genius.com/poutipoupou", "current_user_metadata": {"permissions": [], "excluded_permissions": ["follow"], "interactions": {"following": false}, "features": []}}}], "cosigned_by": [], "rejection_comment": null, "verified_by": null}]}, "featured_artists": [], "lyrics_marked_complete_by": null, "media": [{"provider": "youtube", "start": 0, "type": "video", "url": "http://www.youtube.com/watch?v=jBEmWn9ZopY"}], "primary_artist": {"api_path": "/artists/1017019", "header_image_url": "https://images.genius.com/fa03ac61eeffc2d75a89c3608ae316d7.1000x663x1.jpg", "id": 1017019, "image_url": "https://images.genius.com/838770a4f63bf35bdeab7ec6a7d4cf8f.287x287x1.jpg", "is_meme_verified": false, "is_verified": false, "name": "Atach Tatuq", "url": "https://genius.com/artists/Atach-tatuq"}, "producer_artists": [{"api_path": "/artists/148524", "header_image_url": "https://images.genius.com/1f9d0d743a83d3f720c78be84798e7b9.1000x1000x1.png", "id": 148524, "image_url": "https://images.genius.com/2b83d872b51ac4192e6fed1940f0e1a8.208x208x1.jpg", "is_meme_verified": false, "is_verified": false, "name": "ToastDawg", "url": "https://genius.com/artists/Toastdawg"}], "song_relationships": [{"type": "samples", "songs": []}, {"type": "sampled_in", "songs": []}, {"type": "interpolates", "songs": []}, {"type": "interpolated_by", "songs": []}, {"type": "cover_of", "songs": []}, {"type": "covered_by", "songs": []}, {"type": "remix_of", "songs": []}, {"type": "remixed_by", "songs": []}, {"type": "live_version_of", "songs": []}, {"type": "performed_live_as", "songs": []}], "verified_annotations_by": [], "verified_contributors": [], "verified_lyrics_by": [], "writer_artists": [{"api_path": "/artists/1050046", "header_image_url": "https://images.genius.com/0fad70ce7415cd757bb916b6b55d2216.1000x663x1.jpg", "id": 1050046, "image_url": "https://images.genius.com/486dabdd6cfb74afa74eff26bdaeade4.527x527x1.jpg", "is_meme_verified": false, "is_verified": false, "name": "Dee (Qu\u00e9bec)", "url": "https://genius.com/artists/Dee-quebec"}], "lyrics": "Pour vingt piasses j\u2019fais c\u2019que tu veux dans l'backseat de ton char\nAUSTRALIE\u2026MELBOURNE\u2026MONTREAL\u2026 ROLL UP\nDEE ATACH TATUQ 9-7\n\nC\u2019est dr\u00f4le comment y\u2019a juste un mince fil qui tient tout\nQuand tu stresses parce qu\u2019y a trop de shits\nT\u2019as pu d\u2019raison, tu d\u2019viens fous\nTu check tes poches pis m\u00eame si ya juste 20 sous\nC\u2019est mieux quand tu sais qu\u2019est-ce que tu d\u2019viens pis tu viens d\u2019o\u00f9\n\nMoi c\u2019est\nPlateau beach\nY disent qu\u2019ici c\u2019est la belle vie\nMais \u00e0 quel prix\nTu sors ton 800 piasses pour ton 3 et d\u2019mi\nPis s\u2019pas long qu\u2019ton proprio devient ton pire ennemi\nParce t\u2019attends toujours qu\u2019a change ta porte d\u2019entr\u00e9e qui est d\u00e9molie\n\nUn vol, quand tu reste en ville\nC\u2019t\u2019un risque \u00e0 prendre\nUne chance j\u2019ai le parc Lafontaine juste en face pour me d\u00e9tendre\nLe soir, j\u2019me fume un ffffffff\u2026\nY\u2019a rien de complexe\nJ\u2019ai un crayon, papier fuck it j\u2019peux m\u00eame \u00e9crire un texte\n\nSur comment d\u2019ville en ville, c\u2019partout pareil\nLes beefs d\u2019orgueil\n(Les types s\u2019essayent)\nLes deals \u00e0 l\u2019\u0153il\n(Faut qu\u2019ca paye)\nBref, plus tu descends dans le sud-est plus \u00e7a d\u2019vient nudiste\nFetish, drogu\u00e9, pis l'reste, tu marches les fesses serr\u00e9es en criss\n\nJ\u2019te dirais, Berri \u00e0 Papineau\nSois sur de t'prendre un p'tite marche sur Ontario\nUne tite vite\nDrug addict, drag queen pis des lifes low, pis si y fait chaud\nFaut que t\u2019ailles le m\u00eame instinct qu\u2019les animaux\n\nParce que si quelqu'un t\u2019fais des beaux yeux\nDis toi que \u00e7a peut \u00eatre aussi bien un homme\nUne femme\nOu les deux, fak\nTu traverse ici, c'que tu cherches s't'un travesti\nDu monde fucked up, icitte y\u2019en a en esti\n\nFaut que tu check si y\u2019a de quoi suspect dans le regard qui dirait\n(Pour vingt piasses j\u2019fais c\u2019que tu veux dans l'backseat de ton char)\nPis c\u2019est comme \u00e7a pour un p'tit bout sur Ste-Catherine\nSi y\u2019a pas une prostitu\u00e9e su\u2019le coin c\u2019est qu\u2019est en face du Dunkin\nC\u2019est pas l'luxe du genre Holiday Inn\nSi t\u2019as d\u2019la chance, tu ramasses dans une chambre crasse d'l\u2019H\u00f4tel de France\n\nJ\u2019pense que chaque ville a ses shit d\u00e9sagr\u00e9able\nJ\u2019pense qu'aussi chaque ville bon weed pis son rap sale\nAtach Tatuq!\nEn Australie le disque y tourne yo\nBust tes derniers styles de Montr\u00e9al a Melbourne yo\n\nToute les cultures pis pleins d\u2019saveurs personne est mis \u00e0 part\nC\u2019ta savoir les diff\u00e9rences r\u00e9sulte en bagarres\nSi c\u2019pas la femme c\u2019l\u2019territoire\nY'en a qui craignent\nMais qu'tu sois blanc ou noir, c'est toujours rouge quand tu saignes\n\nC\u2019est partout pareil\nC\u2019est partout pareil yo\nC\u2019est partout pareil\nC\u2019est partout pareil yo\nC\u2019est partout pareil\nC\u2019est partout pareil\nC\u2019est partout pareil yo\nC\u2019est partout pareil\nC\u2019est partout pareil\nC\u2019est partout pareil\nIt's all the same motherfuckin\u2019 game yo"}}, {"title": "Chips", "album": null, "year": "2005-10-04", "lyrics": "[DoubleD]\n(Heille dude, j'ai faim pour un beigne)\n(Aille to\u00e9 imagine t'avais une belle plaque dor\u00e9e la)\n(tu serais un repr\u00e9sentant de la loi)\n(kess\u00e9 qu'tu f'rais avec ca)\n\n[Arnak]\n(K'ss\u00e9 que j'f'rais, d'l'abus de pouvoir pis d'l'argent) (Hein!)\n(j's'rais un esti de derni\u00e9 tout croche, comme to\u00e9, esti)\n\n[Verse 1: DoubleD]\nDes fois jme dit qu'j'aimerais ca etre des leurs\nM'semble qu'avec le suit pis les lunettes y'a pu riens qui pourrais m'faire peur\nJ'me visualise pis c'est ben sur qu'j'aurais rien d'un emmerdeur\nDis to\u00e9 qu'la, j'me forcerais le cul pour pas trop faire d'erreurs\nContribuer a un monde meilleur (c'est beau)\n\nJ'aurais un brand new char, un v6 a battre, c'est plaisant\nEntuka, crissement plus qu'une 626 qui claque, mets en\n\u00e9coute, j'me laisserais le droit d'avoir le pied pesant\nDe ca j'm'en sacre vraiment (m'en sacre vraiment)\n\nC'est pas mo\u00e9 qui ferais attention au contraventions\nP'tit show d'c'rises, pis j's'rais plus du genre \u00e0 les distribuer avec d\u00e9votion\nPour toujours faire mon travail sans aucune trace d'\u00e9motion\n\nAillant finalis\u00e9 mes belles \u00e9tudes au c\u00e9gep\nJ'pourrais d\u00e9sormais m'permettre\nDe traiter les BS, les pauvres pis les incultur\u00e9s d'analphab\u00e8tes\nBen voyon donc, j'aurais le gout d'fumer un vert j'irais voir le premier ti coune pis j'y dirais\n\nQu'ess\u00e9 qui se passe, tu traine encore?\nJ'sais que t'est ben dans l'tort\nSi tu veux pas que j'te confisque ta chaine en or\nCheck mo\u00e9 ton stock, pis opere ca, chu ben en r'tard\nFaut j'me jet ben loin dans l'nord\nHistoire de fumer ca trop ben dans l'char\n\n[Chorus: Arnak & DoubleD]\nControler la b\u00eate ca monte a t\u00eate\nOn veux toute peter le quota des prises, comme a p\u00eache\nSuspect r'p\u00e9r\u00e9, pour le baver on lui d'mande 10-4\nRefus d'obtemp\u00e9rer, c'est au nord, enweille, 10-4\n\nControler la b\u00eate ca monte a t\u00eate\nOn veux toute peter le quota des prises, comme a p\u00eache\nSuspect r'p\u00e9r\u00e9, pour le baver on lui d'mande 10-4\nRefus d'obtemp\u00e9rer, c'est au nord, enweille, 10-4\n\n[DoubleD]\n(r'gar donc ca si c'est beau Arnie qui est polici\u00e9, kess\u00e9 tu ferais to\u00e9)\n\n[Verse 2: Arnak]\nDans l'temps que j't'ais r'cru j'\u00e9coutais cops, y'avais du gros drama\nLa j'prend des shot de scotch pour masquer le goldschlager\nQu'j'ai pris, apres mon 6 pack de grosse lagger\nPour ma trouille avant qu'j'patrouille hochelaga\n\nPas trop sadique, meme que j'aime ben les addict\nJ'donne un sens,(comment dire) unique a diriger l'traffic\nApres ma run, j'informe les italiens mais j'reste pas tard\nFaut j'passe prendre mon paquet, apres la messe des motards\nJ'peux pu vois les enquetes en cours, ca attarde\nQuand j'pense au stash de hash des H que j'cache, dans dans ma cave\nY'ont meme failli m'patcher 82e si c't'ai pas d'mes liens avec la mafia italienne\nY veulent m'affranchir pass j'leur suis utile comme Desmarais\nQui pouvais blanchir leur cash comme Power Corp Desmarais\n(eille bro, tassion, on va r'trouver ton cadavre dins marais)\nBen non, omerta ca s'applique rienque au wops\nFaut j'profite de toute mes liens, comme dans une coop\n\n(pass) Controler la b\u00eate ca monte a t\u00eate\nOn veux toute peter le quota des prises, comme a p\u00eache\nSuspect r'p\u00e9r\u00e9, pour le baver on lui d'mande 10-4\nRefus d'obtemp\u00e9rer, c'est au nord, enweille, 10-4\n\nControler la b\u00eate ca monte a t\u00eate\nOn veux toute peter le quota des prises, comme a p\u00eache\nSuspect r'p\u00e9r\u00e9, pour le baver on lui d'mande 10-4\nRefus d'obtemp\u00e9rer, c'est au nord, enweille, 10-4\n\n[Verse 3: DoubleD]\nConsid\u00e9rant ma conduite exemplaire, ca serais fini les p'tites missions boboches\nLa j's'rais su'l coup d'ceux qui traffiquent d'la roche\nFek c'est sur que j'me mettrais a puffer comme un esti d'tout croche\nUne t\u00eate de pioche\nCheck mo\u00e9 ben agent double, comme dans double dose\nCombien de truc que j'va foutre foutre, comme dans foutre une grosse\nPour mo\u00e9 toujours gratuit avec 38, mon ami, ma plaque, mon habit\nPis mon beau sourir \u00e9tamp\u00e9 a vie, j'vous hai\n\nControler la b\u00eate ca monte a t\u00eate\nOn veux toute peter le quota des prises, comme a p\u00eache\nSuspect r'p\u00e9r\u00e9, pour le baver on lui d'mande 10-4\nRefus d'obtemp\u00e9rer, c'est au nord, enweille, 10-4\n\nControler la b\u00eate ca monte a t\u00eate\nOn veux toute peter le quota des prises, comme a p\u00eache\nSuspect r'p\u00e9r\u00e9, pour le baver on lui d'mande 10-4\nRefus d'obtemp\u00e9rer, c'est au nord, enweille, 10-4\n\n[DoubleD]\n(Yo Arnak, tu trouve pas ca sent le p'tit weed dans leur char au cochons d'inde?)\n[Arnak]\n([?] ta yeulle osti, c'est mon linge qui sent le weed)\n[DoubleD]\n(Oh, ouais, j'ai hate d'arriver au CO, j'ai faim, pis c'est sur qu'y'ont des beignes la bas)\n[Arnak]\n(Tu capote man, on va manger des sandwich au saran wrap encore)", "image": "https://images.genius.com/838770a4f63bf35bdeab7ec6a7d4cf8f.287x287x1.jpg", "artist": "Atach Tatuq", "raw": {"annotation_count": 5, "api_path": "/songs/2996857", "apple_music_id": null, "apple_music_player_url": "https://genius.com/songs/2996857/apple_music_player", "description": {"plain": "?"}, "embed_content": "<div id='rg_embed_link_2996857' class='rg_embed_link' data-song-id='2996857'>Read <a href='https://genius.com/Atach-tatuq-chips-lyrics'>\u201cChips\u201d by Atach\u00a0Tatuq</a> on Genius</div> <script crossorigin src='//genius.com/songs/2996857/embed.js'></script>", "featured_video": false, "full_title": "Chips by\u00a0Atach\u00a0Tatuq", "header_image_thumbnail_url": "https://images.genius.com/838770a4f63bf35bdeab7ec6a7d4cf8f.287x287x1.jpg", "header_image_url": "https://images.genius.com/838770a4f63bf35bdeab7ec6a7d4cf8f.287x287x1.jpg", "id": 2996857, "lyrics_owner_id": 3973157, "lyrics_state": "complete", "path": "/Atach-tatuq-chips-lyrics", "pyongs_count": null, "recording_location": null, "release_date": "2005-10-04", "song_art_image_thumbnail_url": "https://images.genius.com/838770a4f63bf35bdeab7ec6a7d4cf8f.287x287x1.jpg", "song_art_image_url": "https://images.genius.com/838770a4f63bf35bdeab7ec6a7d4cf8f.287x287x1.jpg", "stats": {"accepted_annotations": 0, "contributors": 1, "hot": false, "iq_earners": 1, "transcribers": 1, "unreviewed_annotations": 5, "verified_annotations": 0}, "title": "Chips", "title_with_featured": "Chips", "url": "https://genius.com/Atach-tatuq-chips-lyrics", "current_user_metadata": {"permissions": ["view_apple_music_player", "create_comment", "view_song_story_gallery"], "excluded_permissions": ["follow", "award_transcription_iq", "remove_transcription_iq", "see_pageviews", "pyong", "edit_lyrics", "view_annotation_engagement_data", "publish", "unpublish", "edit_spotify_details", "hide", "unhide", "toggle_featured_video", "add_pinned_annotation_to", "add_community_annotation_to", "destroy", "mark_as_not_spam", "edit_spotify_annotations_for", "verify_lyrics", "unverify_lyrics", "edit_anything", "edit_any_media", "edit", "rename", "edit_tags", "watch_fact_track", "reindex", "view_lyrics_synchronization", "enable_media", "disable_media", "edit_lyrics_or_annotation_brackets", "see_editorial_indicators", "view_attribution_visualization", "edit_annotation_brackets", "preview_lyrics_for_export", "hide_apple_player", "unhide_apple_player", "trigger_apple_match", "mark_lyrics_evaluation_as_approved", "mark_lyrics_evaluation_as_staff_approved", "mark_lyrics_evaluation_as_unapproved", "mark_lyrics_evaluation_as_un_staff_approved", "view_transcriber_media_player", "override_apple_match", "edit_youtube_url", "edit_soundcloud_url", "edit_spotify_uuid", "edit_vevo_url", "moderate_annotations", "create_annotation", "see_short_id", "manage_chart_item", "create_tag", "propose_lyrics_edit", "moderate_lyrics_edit_proposals"], "interactions": {"pyong": false, "following": false}, "relationships": {}, "iq_by_action": {}}, "album": null, "custom_performances": [], "description_annotation": {"_type": "referent", "annotator_id": 3973157, "annotator_login": "PLMCHL", "api_path": "/referents/11382790", "classification": "needs_exegesis", "fragment": "Chips", "id": 11382790, "is_description": true, "path": "/11382790/Atach-tatuq-chips/Chips", "range": {"content": "Chips"}, "song_id": 2996857, "url": "https://genius.com/11382790/Atach-tatuq-chips/Chips", "verified_annotator_ids": [], "annotatable": {"api_path": "/songs/2996857", "client_timestamps": {"updated_by_human_at": 1487656546, "lyrics_updated_at": 1487656508}, "context": "Atach Tatuq", "id": 2996857, "image_url": "https://images.genius.com/838770a4f63bf35bdeab7ec6a7d4cf8f.287x287x1.jpg", "link_title": "Chips by\u00a0Atach\u00a0Tatuq", "title": "Chips", "type": "Song", "url": "https://genius.com/Atach-tatuq-chips-lyrics"}, "annotations": [{"api_path": "/annotations/11382790", "body": {"plain": ""}, "comment_count": 0, "community": true, "custom_preview": null, "has_voters": false, "id": 11382790, "pinned": false, "share_url": "https://genius.com/11382790", "source": null, "state": "needs_exegesis", "url": "https://genius.com/11382790/Atach-tatuq-chips/Chips", "verified": false, "votes_total": 0, "current_user_metadata": {"permissions": [], "excluded_permissions": ["vote", "edit", "cosign", "uncosign", "destroy", "accept", "reject", "see_unreviewed", "clear_votes", "propose_edit_to", "pin_to_profile", "unpin_from_profile", "update_source", "edit_custom_preview", "create_comment"], "interactions": {"cosign": false, "pyong": false, "vote": null}, "iq_by_action": {}}, "authors": [{"attribution": 1.0, "pinned_role": null, "user": {"api_path": "/users/3973157", "avatar": {"tiny": {"url": "https://images.genius.com/avatars/tiny/efaacd3764337b65731e3e0bb5bc06d9", "bounding_box": {"width": 16, "height": 16}}, "thumb": {"url": "https://images.genius.com/avatars/thumb/efaacd3764337b65731e3e0bb5bc06d9", "bounding_box": {"width": 32, "height": 32}}, "small": {"url": "https://images.genius.com/avatars/small/efaacd3764337b65731e3e0bb5bc06d9", "bounding_box": {"width": 100, "height": 100}}, "medium": {"url": "https://images.genius.com/avatars/medium/efaacd3764337b65731e3e0bb5bc06d9", "bounding_box": {"width": 300, "height": 400}}}, "header_image_url": "https://images.genius.com/avatars/medium/efaacd3764337b65731e3e0bb5bc06d9", "human_readable_role_for_display": null, "id": 3973157, "iq": 245, "login": "PLMCHL", "name": "PLMCHL", "role_for_display": null, "url": "https://genius.com/PLMCHL", "current_user_metadata": {"permissions": [], "excluded_permissions": ["follow"], "interactions": {"following": false}, "features": []}}}], "cosigned_by": [], "rejection_comment": null, "verified_by": null}]}, "featured_artists": [], "lyrics_marked_complete_by": null, "media": [{"provider": "youtube", "start": 0, "type": "video", "url": "http://www.youtube.com/watch?v=5-RVbna2zuk"}], "primary_artist": {"api_path": "/artists/1017019", "header_image_url": "https://images.genius.com/fa03ac61eeffc2d75a89c3608ae316d7.1000x663x1.jpg", "id": 1017019, "image_url": "https://images.genius.com/838770a4f63bf35bdeab7ec6a7d4cf8f.287x287x1.jpg", "is_meme_verified": false, "is_verified": false, "name": "Atach Tatuq", "url": "https://genius.com/artists/Atach-tatuq"}, "producer_artists": [], "song_relationships": [{"type": "samples", "songs": []}, {"type": "sampled_in", "songs": []}, {"type": "interpolates", "songs": []}, {"type": "interpolated_by", "songs": []}, {"type": "cover_of", "songs": []}, {"type": "covered_by", "songs": []}, {"type": "remix_of", "songs": []}, {"type": "remixed_by", "songs": []}, {"type": "live_version_of", "songs": []}, {"type": "performed_live_as", "songs": []}], "verified_annotations_by": [], "verified_contributors": [], "verified_lyrics_by": [], "writer_artists": [], "lyrics": "[DoubleD]\n(Heille dude, j'ai faim pour un beigne)\n(Aille to\u00e9 imagine t'avais une belle plaque dor\u00e9e la)\n(tu serais un repr\u00e9sentant de la loi)\n(kess\u00e9 qu'tu f'rais avec ca)\n\n[Arnak]\n(K'ss\u00e9 que j'f'rais, d'l'abus de pouvoir pis d'l'argent) (Hein!)\n(j's'rais un esti de derni\u00e9 tout croche, comme to\u00e9, esti)\n\n[Verse 1: DoubleD]\nDes fois jme dit qu'j'aimerais ca etre des leurs\nM'semble qu'avec le suit pis les lunettes y'a pu riens qui pourrais m'faire peur\nJ'me visualise pis c'est ben sur qu'j'aurais rien d'un emmerdeur\nDis to\u00e9 qu'la, j'me forcerais le cul pour pas trop faire d'erreurs\nContribuer a un monde meilleur (c'est beau)\n\nJ'aurais un brand new char, un v6 a battre, c'est plaisant\nEntuka, crissement plus qu'une 626 qui claque, mets en\n\u00e9coute, j'me laisserais le droit d'avoir le pied pesant\nDe ca j'm'en sacre vraiment (m'en sacre vraiment)\n\nC'est pas mo\u00e9 qui ferais attention au contraventions\nP'tit show d'c'rises, pis j's'rais plus du genre \u00e0 les distribuer avec d\u00e9votion\nPour toujours faire mon travail sans aucune trace d'\u00e9motion\n\nAillant finalis\u00e9 mes belles \u00e9tudes au c\u00e9gep\nJ'pourrais d\u00e9sormais m'permettre\nDe traiter les BS, les pauvres pis les incultur\u00e9s d'analphab\u00e8tes\nBen voyon donc, j'aurais le gout d'fumer un vert j'irais voir le premier ti coune pis j'y dirais\n\nQu'ess\u00e9 qui se passe, tu traine encore?\nJ'sais que t'est ben dans l'tort\nSi tu veux pas que j'te confisque ta chaine en or\nCheck mo\u00e9 ton stock, pis opere ca, chu ben en r'tard\nFaut j'me jet ben loin dans l'nord\nHistoire de fumer ca trop ben dans l'char\n\n[Chorus: Arnak & DoubleD]\nControler la b\u00eate ca monte a t\u00eate\nOn veux toute peter le quota des prises, comme a p\u00eache\nSuspect r'p\u00e9r\u00e9, pour le baver on lui d'mande 10-4\nRefus d'obtemp\u00e9rer, c'est au nord, enweille, 10-4\n\nControler la b\u00eate ca monte a t\u00eate\nOn veux toute peter le quota des prises, comme a p\u00eache\nSuspect r'p\u00e9r\u00e9, pour le baver on lui d'mande 10-4\nRefus d'obtemp\u00e9rer, c'est au nord, enweille, 10-4\n\n[DoubleD]\n(r'gar donc ca si c'est beau Arnie qui est polici\u00e9, kess\u00e9 tu ferais to\u00e9)\n\n[Verse 2: Arnak]\nDans l'temps que j't'ais r'cru j'\u00e9coutais cops, y'avais du gros drama\nLa j'prend des shot de scotch pour masquer le goldschlager\nQu'j'ai pris, apres mon 6 pack de grosse lagger\nPour ma trouille avant qu'j'patrouille hochelaga\n\nPas trop sadique, meme que j'aime ben les addict\nJ'donne un sens,(comment dire) unique a diriger l'traffic\nApres ma run, j'informe les italiens mais j'reste pas tard\nFaut j'passe prendre mon paquet, apres la messe des motards\nJ'peux pu vois les enquetes en cours, ca attarde\nQuand j'pense au stash de hash des H que j'cache, dans dans ma cave\nY'ont meme failli m'patcher 82e si c't'ai pas d'mes liens avec la mafia italienne\nY veulent m'affranchir pass j'leur suis utile comme Desmarais\nQui pouvais blanchir leur cash comme Power Corp Desmarais\n(eille bro, tassion, on va r'trouver ton cadavre dins marais)\nBen non, omerta ca s'applique rienque au wops\nFaut j'profite de toute mes liens, comme dans une coop\n\n(pass) Controler la b\u00eate ca monte a t\u00eate\nOn veux toute peter le quota des prises, comme a p\u00eache\nSuspect r'p\u00e9r\u00e9, pour le baver on lui d'mande 10-4\nRefus d'obtemp\u00e9rer, c'est au nord, enweille, 10-4\n\nControler la b\u00eate ca monte a t\u00eate\nOn veux toute peter le quota des prises, comme a p\u00eache\nSuspect r'p\u00e9r\u00e9, pour le baver on lui d'mande 10-4\nRefus d'obtemp\u00e9rer, c'est au nord, enweille, 10-4\n\n[Verse 3: DoubleD]\nConsid\u00e9rant ma conduite exemplaire, ca serais fini les p'tites missions boboches\nLa j's'rais su'l coup d'ceux qui traffiquent d'la roche\nFek c'est sur que j'me mettrais a puffer comme un esti d'tout croche\nUne t\u00eate de pioche\nCheck mo\u00e9 ben agent double, comme dans double dose\nCombien de truc que j'va foutre foutre, comme dans foutre une grosse\nPour mo\u00e9 toujours gratuit avec 38, mon ami, ma plaque, mon habit\nPis mon beau sourir \u00e9tamp\u00e9 a vie, j'vous hai\n\nControler la b\u00eate ca monte a t\u00eate\nOn veux toute peter le quota des prises, comme a p\u00eache\nSuspect r'p\u00e9r\u00e9, pour le baver on lui d'mande 10-4\nRefus d'obtemp\u00e9rer, c'est au nord, enweille, 10-4\n\nControler la b\u00eate ca monte a t\u00eate\nOn veux toute peter le quota des prises, comme a p\u00eache\nSuspect r'p\u00e9r\u00e9, pour le baver on lui d'mande 10-4\nRefus d'obtemp\u00e9rer, c'est au nord, enweille, 10-4\n\n[DoubleD]\n(Yo Arnak, tu trouve pas ca sent le p'tit weed dans leur char au cochons d'inde?)\n[Arnak]\n([?] ta yeulle osti, c'est mon linge qui sent le weed)\n[DoubleD]\n(Oh, ouais, j'ai hate d'arriver au CO, j'ai faim, pis c'est sur qu'y'ont des beignes la bas)\n[Arnak]\n(Tu capote man, on va manger des sandwich au saran wrap encore)"}}, {"title": "Y'a trop d'shit", "album": "La guerre des tuqs", "year": null, "lyrics": "Ha!\nPis ma proprio qui est du style in your face\nCh't\u00e9coeur\u00e9e d'ma voisine qui chiale parce qui a trop d'bass\nCh't\u00e9coeur\u00e9e du monde qui cherche le trouble\nCh't\u00e9coeur\u00e9e d'travailler pour me rendre compte\nQui a des personnes qui font l'double\nQui a des probl\u00e8mes trop vieux pour les r\u00e9soudre\nCh't\u00e9coeurer d'voir combien vivre me co\u00fbte\n\u00e9cour\u00e9e d'casser la cro\u00fbte avec une pointe\nCh't\u00e9coeur\u00e9e qu'on me r'garde weird pour ma coiffure distincte\nJ'ai besoin d'chiller, sauf qu'a chaque fois que j'check l'heure\nC'est le temps qui passe trop vite\nCh't\u00e9coeur\u00e9e d'creuser ma tombe avec la smoke pass ch'trop addict\n\u00e9cour\u00e9e de vive dans des limites\nPis plus ca va plus \u00e7a s'complique\nMais j'attache ma tuque pis j'essaie de rester slick\nM\u00eame si ch't\u00e9coeur\u00e9e d'\u00eatre super sous pression\nToujours fucking press\u00e9e, pour pleins d'fucking raisons\nJ'plus derni\u00e8re minute que mes lyrics, j'en suis po fi\u00e8re\nParce que le track que t'\u00e9coute la, j'l'ai toute \u00e9crit hier\nMais j'travaille tout le temps, pis des heures suppl\u00e9mentaires\nPour recevoir mes payes pas en entier mais bien enti\u00e8res FUCK!\nJ't\u00e9coeur\u00e9e d'avoir des cernes, j'veux avoir des vignes\nPis y pousser des fines herbes, sur une c\u00f4te en sardin\nOu une villa \u00e0 Palerme, finir une vie style nice mama italienne\nJ'veux faire parti d'la cr\u00e8me, mais s'pas \u00e9vident\nJ'\u00e9vite des obstacles, mais s'plus rough quand tu vis d'dans\n\nYo, quand tu veux prendre ton temps pis l'reste va trop vite\n(aah fuck it, ya juste trop d'shit)\nQuand tu rencontres la personne qu'ca fait 2 mois qu't'\u00e9vite\n(laisse faire, ya juste trop d'shit)\nQuand tu drop un dernier style pis tu vois combien y t'imite\n(fuck it, fuck it, fuck it, ya juste trop d'shit)\nQuand tu vois ta blonde avec un autre type pis \u00e7a t'irrite\n(tu vois, ya juste trop d'shit)\n\nCh't\u00e9coeur\u00e9e d'mes mauvaises habitudes\nCh't\u00e9coeur\u00e9e qu'partout ou tu vas y'a d'l'attitude\nCh't\u00e9coeur\u00e9e des beat dein club\nCh't\u00e9coeur\u00e9e qu'on me soule aux deux secondes avec une pub\nCh't\u00e9coeur\u00e9e du manque de respect\nCh't\u00e9coeur\u00e9e qu'\u00eatre belle st'un grand aspect\nQu'on me demande sans dire sil vous pla\u00eet\nPis ch'pu capable d'entendre dire que ch'pas racisme mais ...\nCh't\u00e9coeur\u00e9e d'savoir qui a des kids qui se font battre\nChu d\u00e9go\u00fbt\u00e9e d'voir combien l'diable signe de pactes\nCh't\u00e9coeur\u00e9e de po pouvoir marcher les pied nu dans l'parc\nHa, pis ch't\u00e9coeur\u00e9e d'faire les 100 pas dans mon appart\nPour trouver un moyen que ca me rapporte pour l'avenir\nCh't\u00e9coeur\u00e9e d'commencer quek chose pi po le finir\nCh't\u00e9coeur\u00e9e d'm'habiller quand c'est l'hiver\n\u00e9cour\u00e9e d'lire que le soleil est canc\u00e9rig\u00e8ne\n\u00e9cour\u00e9e d'la science qui, en s\u00e9rie, g\u00e8re\nUn r\u00e9seau complet d'traffic de g\u00e8ne, OGM\nPis tu m'fais chier pour mon THC\nMon shit est moins dangereux a s'que j'sache ts\u00e9\nPis la po-po qui s'\u00e9nerve quand s'pas a propos\nPis pour un geste tapette appelle leur gestapo\nMais t'as beau me dire qu'la vie est belle, mais j'ai des doutes\nCh't\u00e9coeur\u00e9e de m'faire ralentir sur ma route\nCh't\u00e9coeur\u00e9e du monde qui font semblant qui \u00e9coute\nQui font hm-hm ah ouin m\u00eame si y'on rien compris pentoute\nPis ch'peux pu voir du monde qui ont l'air b\u00eate\nCh't\u00e9coeur\u00e9e que pour des rien y'a ben du monde qui s'enfle la t\u00eate\nCh't\u00e9coeur\u00e9e d'attendre sur des t\u00eates\nCh't\u00e9coeur\u00e9e dire ch't\u00e9coeurer fak j'arr\u00eate...", "image": "https://images.genius.com/368cd2d18884438b628810c2a254abfe.400x398x1.jpg", "artist": "Atach Tatuq", "raw": {"annotation_count": 1, "api_path": "/songs/2883170", "apple_music_id": null, "apple_music_player_url": "https://genius.com/songs/2883170/apple_music_player", "description": {"plain": "?"}, "embed_content": "<div id='rg_embed_link_2883170' class='rg_embed_link' data-song-id='2883170'>Read <a href='https://genius.com/Atach-tatuq-ya-trop-dshit-lyrics'>\u201cY'a trop d'shit\u201d by Atach\u00a0Tatuq</a> on Genius</div> <script crossorigin src='//genius.com/songs/2883170/embed.js'></script>", "featured_video": false, "full_title": "Y'a trop d'shit by\u00a0Atach\u00a0Tatuq", "header_image_thumbnail_url": "https://images.genius.com/368cd2d18884438b628810c2a254abfe.300x299x1.jpg", "header_image_url": "https://images.genius.com/368cd2d18884438b628810c2a254abfe.400x398x1.jpg", "id": 2883170, "lyrics_owner_id": 3706234, "lyrics_state": "complete", "path": "/Atach-tatuq-ya-trop-dshit-lyrics", "pyongs_count": null, "recording_location": null, "release_date": null, "song_art_image_thumbnail_url": "https://images.genius.com/368cd2d18884438b628810c2a254abfe.300x299x1.jpg", "song_art_image_url": "https://images.genius.com/368cd2d18884438b628810c2a254abfe.400x398x1.jpg", "stats": {"accepted_annotations": 0, "contributors": 2, "hot": false, "iq_earners": 2, "transcribers": 2, "unreviewed_annotations": 1, "verified_annotations": 0}, "title": "Y'a trop d'shit", "title_with_featured": "Y'a trop d'shit", "url": "https://genius.com/Atach-tatuq-ya-trop-dshit-lyrics", "current_user_metadata": {"permissions": ["view_apple_music_player", "create_comment", "view_song_story_gallery"], "excluded_permissions": ["follow", "award_transcription_iq", "remove_transcription_iq", "see_pageviews", "pyong", "edit_lyrics", "view_annotation_engagement_data", "publish", "unpublish", "edit_spotify_details", "hide", "unhide", "toggle_featured_video", "add_pinned_annotation_to", "add_community_annotation_to", "destroy", "mark_as_not_spam", "edit_spotify_annotations_for", "verify_lyrics", "unverify_lyrics", "edit_anything", "edit_any_media", "edit", "rename", "edit_tags", "watch_fact_track", "reindex", "view_lyrics_synchronization", "enable_media", "disable_media", "edit_lyrics_or_annotation_brackets", "see_editorial_indicators", "view_attribution_visualization", "edit_annotation_brackets", "preview_lyrics_for_export", "hide_apple_player", "unhide_apple_player", "trigger_apple_match", "mark_lyrics_evaluation_as_approved", "mark_lyrics_evaluation_as_staff_approved", "mark_lyrics_evaluation_as_unapproved", "mark_lyrics_evaluation_as_un_staff_approved", "view_transcriber_media_player", "override_apple_match", "edit_youtube_url", "edit_soundcloud_url", "edit_spotify_uuid", "edit_vevo_url", "moderate_annotations", "create_annotation", "see_short_id", "manage_chart_item", "create_tag", "propose_lyrics_edit", "moderate_lyrics_edit_proposals"], "interactions": {"pyong": false, "following": false}, "relationships": {}, "iq_by_action": {}}, "album": {"api_path": "/albums/243527", "cover_art_url": "https://images.genius.com/368cd2d18884438b628810c2a254abfe.400x398x1.jpg", "full_title": "La guerre des tuqs by Atach Tatuq", "id": 243527, "name": "La guerre des tuqs", "url": "https://genius.com/albums/Atach-tatuq/La-guerre-des-tuqs", "artist": {"api_path": "/artists/1017019", "header_image_url": "https://images.genius.com/fa03ac61eeffc2d75a89c3608ae316d7.1000x663x1.jpg", "id": 1017019, "image_url": "https://images.genius.com/838770a4f63bf35bdeab7ec6a7d4cf8f.287x287x1.jpg", "is_meme_verified": false, "is_verified": false, "name": "Atach Tatuq", "url": "https://genius.com/artists/Atach-tatuq"}}, "custom_performances": [], "description_annotation": {"_type": "referent", "annotator_id": 3706234, "annotator_login": "poutipoupou", "api_path": "/referents/10623223", "classification": "needs_exegesis", "fragment": "Y'a trop d'shit", "id": 10623223, "is_description": true, "path": "/10623223/Atach-tatuq-ya-trop-dshit/Ya-trop-dshit", "range": {"content": "Y'a trop d'shit"}, "song_id": 2883170, "url": "https://genius.com/10623223/Atach-tatuq-ya-trop-dshit/Ya-trop-dshit", "verified_annotator_ids": [], "annotatable": {"api_path": "/songs/2883170", "client_timestamps": {"updated_by_human_at": 1487693752, "lyrics_updated_at": 1487650056}, "context": "Atach Tatuq", "id": 2883170, "image_url": "https://images.genius.com/368cd2d18884438b628810c2a254abfe.400x398x1.jpg", "link_title": "Y'a trop d'shit by\u00a0Atach\u00a0Tatuq", "title": "Y'a trop d'shit", "type": "Song", "url": "https://genius.com/Atach-tatuq-ya-trop-dshit-lyrics"}, "annotations": [{"api_path": "/annotations/10623223", "body": {"plain": ""}, "comment_count": 0, "community": true, "custom_preview": null, "has_voters": false, "id": 10623223, "pinned": false, "share_url": "https://genius.com/10623223", "source": null, "state": "needs_exegesis", "url": "https://genius.com/10623223/Atach-tatuq-ya-trop-dshit/Ya-trop-dshit", "verified": false, "votes_total": 0, "current_user_metadata": {"permissions": [], "excluded_permissions": ["vote", "edit", "cosign", "uncosign", "destroy", "accept", "reject", "see_unreviewed", "clear_votes", "propose_edit_to", "pin_to_profile", "unpin_from_profile", "update_source", "edit_custom_preview", "create_comment"], "interactions": {"cosign": false, "pyong": false, "vote": null}, "iq_by_action": {}}, "authors": [{"attribution": 1.0, "pinned_role": null, "user": {"api_path": "/users/3706234", "avatar": {"tiny": {"url": "https://assets.genius.com/images/default_avatar_16.png?1550179390", "bounding_box": {"width": 16, "height": 16}}, "thumb": {"url": "https://assets.genius.com/images/default_avatar_32.png?1550179390", "bounding_box": {"width": 32, "height": 32}}, "small": {"url": "https://assets.genius.com/images/default_avatar_100.png?1550179390", "bounding_box": {"width": 100, "height": 100}}, "medium": {"url": "https://assets.genius.com/images/default_avatar_300.png?1550179390", "bounding_box": {"width": 300, "height": 400}}}, "header_image_url": "https://assets.genius.com/images/default_avatar_300.png?1550179390", "human_readable_role_for_display": "Contributor", "id": 3706234, "iq": 9691, "login": "poutipoupou", "name": "poutipoupou", "role_for_display": "contributor", "url": "https://genius.com/poutipoupou", "current_user_metadata": {"permissions": [], "excluded_permissions": ["follow"], "interactions": {"following": false}, "features": []}}}], "cosigned_by": [], "rejection_comment": null, "verified_by": null}]}, "featured_artists": [], "lyrics_marked_complete_by": null, "media": [{"provider": "youtube", "start": 0, "type": "video", "url": "http://www.youtube.com/watch?v=CBPeffbqURY"}], "primary_artist": {"api_path": "/artists/1017019", "header_image_url": "https://images.genius.com/fa03ac61eeffc2d75a89c3608ae316d7.1000x663x1.jpg", "id": 1017019, "image_url": "https://images.genius.com/838770a4f63bf35bdeab7ec6a7d4cf8f.287x287x1.jpg", "is_meme_verified": false, "is_verified": false, "name": "Atach Tatuq", "url": "https://genius.com/artists/Atach-tatuq"}, "producer_artists": [{"api_path": "/artists/148524", "header_image_url": "https://images.genius.com/1f9d0d743a83d3f720c78be84798e7b9.1000x1000x1.png", "id": 148524, "image_url": "https://images.genius.com/2b83d872b51ac4192e6fed1940f0e1a8.208x208x1.jpg", "is_meme_verified": false, "is_verified": false, "name": "ToastDawg", "url": "https://genius.com/artists/Toastdawg"}], "song_relationships": [{"type": "samples", "songs": []}, {"type": "sampled_in", "songs": []}, {"type": "interpolates", "songs": []}, {"type": "interpolated_by", "songs": []}, {"type": "cover_of", "songs": []}, {"type": "covered_by", "songs": []}, {"type": "remix_of", "songs": []}, {"type": "remixed_by", "songs": []}, {"type": "live_version_of", "songs": []}, {"type": "performed_live_as", "songs": []}], "verified_annotations_by": [], "verified_contributors": [], "verified_lyrics_by": [], "writer_artists": [{"api_path": "/artists/1050046", "header_image_url": "https://images.genius.com/0fad70ce7415cd757bb916b6b55d2216.1000x663x1.jpg", "id": 1050046, "image_url": "https://images.genius.com/486dabdd6cfb74afa74eff26bdaeade4.527x527x1.jpg", "is_meme_verified": false, "is_verified": false, "name": "Dee (Qu\u00e9bec)", "url": "https://genius.com/artists/Dee-quebec"}], "lyrics": "Ha!\nPis ma proprio qui est du style in your face\nCh't\u00e9coeur\u00e9e d'ma voisine qui chiale parce qui a trop d'bass\nCh't\u00e9coeur\u00e9e du monde qui cherche le trouble\nCh't\u00e9coeur\u00e9e d'travailler pour me rendre compte\nQui a des personnes qui font l'double\nQui a des probl\u00e8mes trop vieux pour les r\u00e9soudre\nCh't\u00e9coeurer d'voir combien vivre me co\u00fbte\n\u00e9cour\u00e9e d'casser la cro\u00fbte avec une pointe\nCh't\u00e9coeur\u00e9e qu'on me r'garde weird pour ma coiffure distincte\nJ'ai besoin d'chiller, sauf qu'a chaque fois que j'check l'heure\nC'est le temps qui passe trop vite\nCh't\u00e9coeur\u00e9e d'creuser ma tombe avec la smoke pass ch'trop addict\n\u00e9cour\u00e9e de vive dans des limites\nPis plus ca va plus \u00e7a s'complique\nMais j'attache ma tuque pis j'essaie de rester slick\nM\u00eame si ch't\u00e9coeur\u00e9e d'\u00eatre super sous pression\nToujours fucking press\u00e9e, pour pleins d'fucking raisons\nJ'plus derni\u00e8re minute que mes lyrics, j'en suis po fi\u00e8re\nParce que le track que t'\u00e9coute la, j'l'ai toute \u00e9crit hier\nMais j'travaille tout le temps, pis des heures suppl\u00e9mentaires\nPour recevoir mes payes pas en entier mais bien enti\u00e8res FUCK!\nJ't\u00e9coeur\u00e9e d'avoir des cernes, j'veux avoir des vignes\nPis y pousser des fines herbes, sur une c\u00f4te en sardin\nOu une villa \u00e0 Palerme, finir une vie style nice mama italienne\nJ'veux faire parti d'la cr\u00e8me, mais s'pas \u00e9vident\nJ'\u00e9vite des obstacles, mais s'plus rough quand tu vis d'dans\n\nYo, quand tu veux prendre ton temps pis l'reste va trop vite\n(aah fuck it, ya juste trop d'shit)\nQuand tu rencontres la personne qu'ca fait 2 mois qu't'\u00e9vite\n(laisse faire, ya juste trop d'shit)\nQuand tu drop un dernier style pis tu vois combien y t'imite\n(fuck it, fuck it, fuck it, ya juste trop d'shit)\nQuand tu vois ta blonde avec un autre type pis \u00e7a t'irrite\n(tu vois, ya juste trop d'shit)\n\nCh't\u00e9coeur\u00e9e d'mes mauvaises habitudes\nCh't\u00e9coeur\u00e9e qu'partout ou tu vas y'a d'l'attitude\nCh't\u00e9coeur\u00e9e des beat dein club\nCh't\u00e9coeur\u00e9e qu'on me soule aux deux secondes avec une pub\nCh't\u00e9coeur\u00e9e du manque de respect\nCh't\u00e9coeur\u00e9e qu'\u00eatre belle st'un grand aspect\nQu'on me demande sans dire sil vous pla\u00eet\nPis ch'pu capable d'entendre dire que ch'pas racisme mais ...\nCh't\u00e9coeur\u00e9e d'savoir qui a des kids qui se font battre\nChu d\u00e9go\u00fbt\u00e9e d'voir combien l'diable signe de pactes\nCh't\u00e9coeur\u00e9e de po pouvoir marcher les pied nu dans l'parc\nHa, pis ch't\u00e9coeur\u00e9e d'faire les 100 pas dans mon appart\nPour trouver un moyen que ca me rapporte pour l'avenir\nCh't\u00e9coeur\u00e9e d'commencer quek chose pi po le finir\nCh't\u00e9coeur\u00e9e d'm'habiller quand c'est l'hiver\n\u00e9cour\u00e9e d'lire que le soleil est canc\u00e9rig\u00e8ne\n\u00e9cour\u00e9e d'la science qui, en s\u00e9rie, g\u00e8re\nUn r\u00e9seau complet d'traffic de g\u00e8ne, OGM\nPis tu m'fais chier pour mon THC\nMon shit est moins dangereux a s'que j'sache ts\u00e9\nPis la po-po qui s'\u00e9nerve quand s'pas a propos\nPis pour un geste tapette appelle leur gestapo\nMais t'as beau me dire qu'la vie est belle, mais j'ai des doutes\nCh't\u00e9coeur\u00e9e de m'faire ralentir sur ma route\nCh't\u00e9coeur\u00e9e du monde qui font semblant qui \u00e9coute\nQui font hm-hm ah ouin m\u00eame si y'on rien compris pentoute\nPis ch'peux pu voir du monde qui ont l'air b\u00eate\nCh't\u00e9coeur\u00e9e que pour des rien y'a ben du monde qui s'enfle la t\u00eate\nCh't\u00e9coeur\u00e9e d'attendre sur des t\u00eates\nCh't\u00e9coeur\u00e9e dire ch't\u00e9coeurer fak j'arr\u00eate..."}}], "artist": "Atach Tatuq"}